Workbook

Sheet FK_ÜRÜN_ÇEVRİM _DETAY
H1: PAZARTESİ | L1: SALI | P1: ÇARŞAMBA | T1: PERŞEMBE | X1: CUMA | AB1: CUMARTESİ
A2: Makine Adı | B2: 45936 | C2: 45937 | D2: 45938 | E2: 45939 | F2: 45940 | G2: 45941 | H2: 46020 | I2: Toplam Göz Sayısı (ad) | J2: Çalışan Göz Sayısı (ad) | K2: Çevrim Süresi (sn) | L2: 46007 | M2: Toplam Göz Sayısı (ad) | N2: Çalışan Göz Sayısı (ad) | O2: Çevrim Süresi (sn) | P2: 46008 | Q2: Toplam Göz Sayısı (ad) | R2: Çalışan Göz Sayısı (ad) | S2: Çevrim Süresi (sn) | T2: 46009 | U2: Toplam Göz Sayısı (ad) | V2: Çalışan Göz Sayısı (ad) | W2: Çevrim Süresi (sn) | X2: 46010 | Y2: Toplam Göz Sayısı (ad) | Z2: Çalışan Göz Sayısı (ad) | AA2: Çevrim Süresi (sn) | AB2: 46011 | AC2: Toplam Göz Sayısı (ad) | AD2: Çalışan Göz Sayısı (ad) | AE2: Çevrim Süresi (sn)
A3: 101 | B3: {=IFERROR(INDEX('[1]PROSES ENJEKSİYON'!$L:$L, MATCH(1,('[1]PROSES ENJEKSİYON'!$A:$A=$B$2)*('[1]PROSES ENJEKSİYON'!$F:$F=A3),0)), "")} | C3: {=IFERROR(INDEX('[1]PROSES ENJEKSİYON'!$L:$L,MATCH(1,('[1]PROSES ENJEKSİYON'!$A:$A=$C$2)*('[1]PROSES ENJEKSİYON'!$F:$F=A3),0)),"")} | D3: {=IFERROR(INDEX('[1]PROSES ENJEKSİYON'!$L:$L,MATCH(1,('[1]PROSES ENJEKSİYON'!$A:$A=$D$2)*('[1]PROSES ENJEKSİYON'!$F:$F=A3),0)),"")} | E3: {=IFERROR(INDEX('[1]PROSES ENJEKSİYON'!$L:$L,MATCH(1,('[1]PROSES ENJEKSİYON'!$A:$A=$E$2)*('[1]PROSES ENJEKSİYON'!$F:$F=A3),0)),"")} | F3: {=IFERROR(INDEX('[1]PROSES ENJEKSİYON'!$L:$L,MATCH(1,('[1]PROSES ENJEKSİYON'!$A:$A=$F$2)*('[1]PROSES ENJEKSİYON'!$F:$F=A3),0)),"")} | G3: {=IFERROR(INDEX('[1]PROSES ENJEKSİYON'!$L:$L,MATCH(1,('[1]PROSES ENJEKSİYON'!$A:$A=$G$2)*('[1]PROSES ENJEKSİYON'!$F:$F=A3),0)),"")} | H3: {=IFERROR(INDEX('[1]PROSES ENJEKSİYON'!$G:$G,MATCH(1,('[1]PROSES ENJEKSİYON'!$A:$A=$H$2)*('[1]PROSES ENJEKSİYON'!$F:$F=A3),0)),"")} -> PET0238-03 450ML SEFFAF UV 28MM CAKMA 33GR | I3: {=IFERROR(INDEX('[1]PROSES ENJEKSİYON'!$J:$J,MATCH(1,('[1]PROSES ENJEKSİYON'!$A:$A=$H$2)*('[1]PROSES ENJEKSİYON'!$F:$F=A3),0)),"")} -> 4 | J3: {=IFERROR(INDEX('[1]PROSES ENJEKSİYON'!$K:$K,MATCH(1,('[1]PROSES ENJEKSİYON'!$A:$A=$H$2)*('[1]PROSES ENJEKSİYON'!$F:$F=A3),0)),"")} -> 4 | K3: {=IFERROR(INDEX('[1]PROSES ENJEKSİYON'!$L:$L,MATCH(1,('[1]PROSES ENJEKSİYON'!$A:$A=$H$2)*('[1]PROSES ENJEKSİYON'!$F:$F=A3),0)),"")} -> 17.96 | L3: {=IFERROR(INDEX('[1]PROSES ENJEKSİYON'!$G:$G,MATCH(1,('[1]PROSES ENJEKSİYON'!$A:$A=$L$2)*('[1]PROSES ENJEKSİYON'!$F:$F=A3),0)),"")} | M3: {=IFERROR(INDEX('[1]PROSES ENJEKSİYON'!$J:$J,MATCH(1,('[1]PROSES ENJEKSİYON'!$A:$A=$L$2)*('[1]PROSES ENJEKSİYON'!$F:$F=A3),0)),"")} | N3: {=IFERROR(INDEX('[1]PROSES ENJEKSİYON'!$K:$K,MATCH(1,('[1]PROSES ENJEKSİYON'!$A:$A=$L$2)*('[1]PROSES ENJEKSİYON'!$F:$F=A3),0)),"")} | O3: {=IFERROR(INDEX('[1]PROSES ENJEKSİYON'!$L:$L,MATCH(1,('[1]PROSES ENJEKSİYON'!$A:$A=$L$2)*('[1]PROSES ENJEKSİYON'!$F:$F=A3),0)),"")} | P3: {=IFERROR(INDEX('[1]PROSES ENJEKSİYON'!$G:$G,MATCH(1,('[1]PROSES ENJEKSİYON'!$A:$A=$P$2)*('[1]PROSES ENJEKSİYON'!$F:$F=A3),0)),"")} | Q3: {=IFERROR(INDEX('[1]PROSES ENJEKSİYON'!$J:$J,MATCH(1,('[1]PROSES ENJEKSİYON'!$A:$A=$P$2)*('[1]PROSES ENJEKSİYON'!$F:$F=A3),0)),"")} | R3: {=IFERROR(INDEX('[1]PROSES ENJEKSİYON'!$K:$K,MATCH(1,('[1]PROSES ENJEKSİYON'!$A:$A=$P$2)*('[1]PROSES ENJEKSİYON'!$F:$F=A3),0)),"")} | S3: {=IFERROR(INDEX('[1]PROSES ENJEKSİYON'!$L:$L,MATCH(1,('[1]PROSES ENJEKSİYON'!$A:$A=$P$2)*('[1]PROSES ENJEKSİYON'!$F:$F=A3),0)),"")} | T3: {=IFERROR(INDEX('[1]PROSES ENJEKSİYON'!$G:$G,MATCH(1,('[1]PROSES ENJEKSİYON'!$A:$A=$T$2)*('[1]PROSES ENJEKSİYON'!$F:$F=A3),0)),"")} -> PET0003-01 500ML SEFFAF SEFFAF 28MM YIVLI 29GR | U3: {=IFERROR(INDEX('[1]PROSES ENJEKSİYON'!$J:$J,MATCH(1,('[1]PROSES ENJEKSİYON'!$A:$A=$T$2)*('[1]PROSES ENJEKSİYON'!$F:$F=A3),0)),"")} -> 4 | V3: {=IFERROR(INDEX('[1]PROSES ENJEKSİYON'!$K:$K,MATCH(1,('[1]PROSES ENJEKSİYON'!$A:$A=$T$2)*('[1]PROSES ENJEKSİYON'!$F:$F=A3),0)),"")} -> 4 | W3: {=IFERROR(INDEX('[1]PROSES ENJEKSİYON'!$L:$L,MATCH(1,('[1]PROSES ENJEKSİYON'!$A:$A=$T$2)*('[1]PROSES ENJEKSİYON'!$F:$F=A3),0)),"")} -> 13.2 | X3: {=IFERROR(INDEX('[1]PROSES ENJEKSİYON'!$G:$G,MATCH(1,('[1]PROSES ENJEKSİYON'!$A:$A=$X$2)*('[1]PROSES ENJEKSİYON'!$F:$F=A3),0)),"")} | Y3: {=IFERROR(INDEX('[1]PROSES ENJEKSİYON'!$J:$J,MATCH(1,('[1]PROSES ENJEKSİYON'!$A:$A=$X$2)*('[1]PROSES ENJEKSİYON'!$F:$F=A3),0)),"")} | Z3: {=IFERROR(INDEX('[1]PROSES ENJEKSİYON'!$K:$K,MATCH(1,('[1]PROSES ENJEKSİYON'!$A:$A=$X$2)*('[1]PROSES ENJEKSİYON'!$F:$F=A3),0)),"")} | AA3: {=IFERROR(INDEX('[1]PROSES ENJEKSİYON'!$L:$L,MATCH(1,('[1]PROSES ENJEKSİYON'!$A:$A=$X$2)*('[1]PROSES ENJEKSİYON'!$F:$F=A3),0)),"")} | AB3: {=IFERROR(INDEX('[1]PROSES ENJEKSİYON'!$G:$G,MATCH(1,('[1]PROSES ENJEKSİYON'!$A:$A=$AB$2)*('[1]PROSES ENJEKSİYON'!$F:$F=A3),0)),"")} | AC3: {=IFERROR(INDEX('[1]PROSES ENJEKSİYON'!$J:$J,MATCH(1,('[1]PROSES ENJEKSİYON'!$A:$A=$AB$2)*('[1]PROSES ENJEKSİYON'!$F:$F=M3),0)),"")} | AD3: {=IFERROR(INDEX('[1]PROSES ENJEKSİYON'!$K:$K,MATCH(1,('[1]PROSES ENJEKSİYON'!$A:$A=$AD$2)*('[1]PROSES ENJEKSİYON'!$F:$F=M3),0)),"")} | AE3: {=IFERROR(INDEX('[1]PROSES ENJEKSİYON'!$L:$L,MATCH(1,('[1]PROSES ENJEKSİYON'!$A:$A=$AB$2)*('[1]PROSES ENJEKSİYON'!$F:$F=A3),0)),"")}
A4: 102 | B4: {=IFERROR(INDEX('[1]PROSES ENJEKSİYON'!$L:$L, MATCH(1,('[1]PROSES ENJEKSİYON'!$A:$A=$B$2)*('[1]PROSES ENJEKSİYON'!$F:$F=A4),0)), "")} | C4: {=IFERROR(INDEX('[1]PROSES ENJEKSİYON'!$L:$L,MATCH(1,('[1]PROSES ENJEKSİYON'!$A:$A=$C$2)*('[1]PROSES ENJEKSİYON'!$F:$F=A4),0)),"")} | D4: {=IFERROR(INDEX('[1]PROSES ENJEKSİYON'!$L:$L,MATCH(1,('[1]PROSES ENJEKSİYON'!$A:$A=$D$2)*('[1]PROSES ENJEKSİYON'!$F:$F=A4),0)),"")} | E4: {=IFERROR(INDEX('[1]PROSES ENJEKSİYON'!$L:$L,MATCH(1,('[1]PROSES ENJEKSİYON'!$A:$A=$E$2)*('[1]PROSES ENJEKSİYON'!$F:$F=A4),0)),"")} | F4: {=IFERROR(INDEX('[1]PROSES ENJEKSİYON'!$L:$L,MATCH(1,('[1]PROSES ENJEKSİYON'!$A:$A=$F$2)*('[1]PROSES ENJEKSİYON'!$F:$F=A4),0)),"")} | G4: {=IFERROR(INDEX('[1]PROSES ENJEKSİYON'!$L:$L,MATCH(1,('[1]PROSES ENJEKSİYON'!$A:$A=$G$2)*('[1]PROSES ENJEKSİYON'!$F:$F=A4),0)),"")} | H4: {=IFERROR(INDEX('[1]PROSES ENJEKSİYON'!$G:$G,MATCH(1,('[1]PROSES ENJEKSİYON'!$A:$A=$H$2)*('[1]PROSES ENJEKSİYON'!$F:$F=A4),0)),"")} -> PET0011-03 150ML SEFFAF SEFFAF 24MM YIVLI 20GR | I4: {=IFERROR(INDEX('[1]PROSES ENJEKSİYON'!$J:$J,MATCH(1,('[1]PROSES ENJEKSİYON'!$A:$A=$H$2)*('[1]PROSES ENJEKSİYON'!$F:$F=A4),0)),"")} -> 9 | J4: {=IFERROR(INDEX('[1]PROSES ENJEKSİYON'!$K:$K,MATCH(1,('[1]PROSES ENJEKSİYON'!$A:$A=$H$2)*('[1]PROSES ENJEKSİYON'!$F:$F=A4),0)),"")} -> 8 | K4: {=IFERROR(INDEX('[1]PROSES ENJEKSİYON'!$L:$L,MATCH(1,('[1]PROSES ENJEKSİYON'!$A:$A=$H$2)*('[1]PROSES ENJEKSİYON'!$F:$F=A4),0)),"")} -> 12.2 | L4: {=IFERROR(INDEX('[1]PROSES ENJEKSİYON'!$G:$G,MATCH(1,('[1]PROSES ENJEKSİYON'!$A:$A=$L$2)*('[1]PROSES ENJEKSİYON'!$F:$F=A4),0)),"")} | M4: {=IFERROR(INDEX('[1]PROSES ENJEKSİYON'!$J:$J,MATCH(1,('[1]PROSES ENJEKSİYON'!$A:$A=$L$2)*('[1]PROSES ENJEKSİYON'!$F:$F=A4),0)),"")} | N4: {=IFERROR(INDEX('[1]PROSES ENJEKSİYON'!$K:$K,MATCH(1,('[1]PROSES ENJEKSİYON'!$A:$A=$L$2)*('[1]PROSES ENJEKSİYON'!$F:$F=A4),0)),"")} | O4: {=IFERROR(INDEX('[1]PROSES ENJEKSİYON'!$L:$L,MATCH(1,('[1]PROSES ENJEKSİYON'!$A:$A=$L$2)*('[1]PROSES ENJEKSİYON'!$F:$F=A4),0)),"")} | P4: {=IFERROR(INDEX('[1]PROSES ENJEKSİYON'!$G:$G,MATCH(1,('[1]PROSES ENJEKSİYON'!$A:$A=$P$2)*('[1]PROSES ENJEKSİYON'!$F:$F=A4),0)),"")} | Q4: {=IFERROR(INDEX('[1]PROSES ENJEKSİYON'!$J:$J,MATCH(1,('[1]PROSES ENJEKSİYON'!$A:$A=$P$2)*('[1]PROSES ENJEKSİYON'!$F:$F=A4),0)),"")} | R4: {=IFERROR(INDEX('[1]PROSES ENJEKSİYON'!$K:$K,MATCH(1,('[1]PROSES ENJEKSİYON'!$A:$A=$P$2)*('[1]PROSES ENJEKSİYON'!$F:$F=A4),0)),"")} | S4: {=IFERROR(INDEX('[1]PROSES ENJEKSİYON'!$L:$L,MATCH(1,('[1]PROSES ENJEKSİYON'!$A:$A=$P$2)*('[1]PROSES ENJEKSİYON'!$F:$F=A4),0)),"")} | T4: {=IFERROR(INDEX('[1]PROSES ENJEKSİYON'!$G:$G,MATCH(1,('[1]PROSES ENJEKSİYON'!$A:$A=$T$2)*('[1]PROSES ENJEKSİYON'!$F:$F=A4),0)),"")} | U4: {=IFERROR(INDEX('[1]PROSES ENJEKSİYON'!$J:$J,MATCH(1,('[1]PROSES ENJEKSİYON'!$A:$A=$T$2)*('[1]PROSES ENJEKSİYON'!$F:$F=A4),0)),"")} | V4: {=IFERROR(INDEX('[1]PROSES ENJEKSİYON'!$K:$K,MATCH(1,('[1]PROSES ENJEKSİYON'!$A:$A=$T$2)*('[1]PROSES ENJEKSİYON'!$F:$F=A4),0)),"")} | W4: {=IFERROR(INDEX('[1]PROSES ENJEKSİYON'!$L:$L,MATCH(1,('[1]PROSES ENJEKSİYON'!$A:$A=$T$2)*('[1]PROSES ENJEKSİYON'!$F:$F=A4),0)),"")} | X4: {=IFERROR(INDEX('[1]PROSES ENJEKSİYON'!$G:$G,MATCH(1,('[1]PROSES ENJEKSİYON'!$A:$A=$X$2)*('[1]PROSES ENJEKSİYON'!$F:$F=A4),0)),"")} | Y4: {=IFERROR(INDEX('[1]PROSES ENJEKSİYON'!$J:$J,MATCH(1,('[1]PROSES ENJEKSİYON'!$A:$A=$X$2)*('[1]PROSES ENJEKSİYON'!$F:$F=A4),0)),"")} | Z4: {=IFERROR(INDEX('[1]PROSES ENJEKSİYON'!$K:$K,MATCH(1,('[1]PROSES ENJEKSİYON'!$A:$A=$X$2)*('[1]PROSES ENJEKSİYON'!$F:$F=A4),0)),"")} | AA4: {=IFERROR(INDEX('[1]PROSES ENJEKSİYON'!$L:$L,MATCH(1,('[1]PROSES ENJEKSİYON'!$A:$A=$X$2)*('[1]PROSES ENJEKSİYON'!$F:$F=A4),0)),"")} | AB4: {=IFERROR(INDEX('[1]PROSES ENJEKSİYON'!$G:$G,MATCH(1,('[1]PROSES ENJEKSİYON'!$A:$A=$AB$2)*('[1]PROSES ENJEKSİYON'!$F:$F=A4),0)),"")} | AC4: {=IFERROR(INDEX('[1]PROSES ENJEKSİYON'!$J:$J,MATCH(1,('[1]PROSES ENJEKSİYON'!$A:$A=$AB$2)*('[1]PROSES ENJEKSİYON'!$F:$F=M4),0)),"")} | AD4: {=IFERROR(INDEX('[1]PROSES ENJEKSİYON'!$K:$K,MATCH(1,('[1]PROSES ENJEKSİYON'!$A:$A=$AD$2)*('[1]PROSES ENJEKSİYON'!$F:$F=M4),0)),"")} | AE4: {=IFERROR(INDEX('[1]PROSES ENJEKSİYON'!$L:$L,MATCH(1,('[1]PROSES ENJEKSİYON'!$A:$A=$AB$2)*('[1]PROSES ENJEKSİYON'!$F:$F=A4),0)),"")}
A5: 103 | B5: {=IFERROR(INDEX('[1]PROSES ENJEKSİYON'!$L:$L, MATCH(1,('[1]PROSES ENJEKSİYON'!$A:$A=$B$2)*('[1]PROSES ENJEKSİYON'!$F:$F=A5),0)), "")} | C5: {=IFERROR(INDEX('[1]PROSES ENJEKSİYON'!$L:$L,MATCH(1,('[1]PROSES ENJEKSİYON'!$A:$A=$C$2)*('[1]PROSES ENJEKSİYON'!$F:$F=A5),0)),"")} | D5: {=IFERROR(INDEX('[1]PROSES ENJEKSİYON'!$L:$L,MATCH(1,('[1]PROSES ENJEKSİYON'!$A:$A=$D$2)*('[1]PROSES ENJEKSİYON'!$F:$F=A5),0)),"")} | E5: {=IFERROR(INDEX('[1]PROSES ENJEKSİYON'!$L:$L,MATCH(1,('[1]PROSES ENJEKSİYON'!$A:$A=$E$2)*('[1]PROSES ENJEKSİYON'!$F:$F=A5),0)),"")} | F5: {=IFERROR(INDEX('[1]PROSES ENJEKSİYON'!$L:$L,MATCH(1,('[1]PROSES ENJEKSİYON'!$A:$A=$F$2)*('[1]PROSES ENJEKSİYON'!$F:$F=A5),0)),"")} | G5: {=IFERROR(INDEX('[1]PROSES ENJEKSİYON'!$L:$L,MATCH(1,('[1]PROSES ENJEKSİYON'!$A:$A=$G$2)*('[1]PROSES ENJEKSİYON'!$F:$F=A5),0)),"")} | H5: {=IFERROR(INDEX('[1]PROSES ENJEKSİYON'!$G:$G,MATCH(1,('[1]PROSES ENJEKSİYON'!$A:$A=$H$2)*('[1]PROSES ENJEKSİYON'!$F:$F=A5),0)),"")} -> PET0005-01 700ML SEFFAF SARI 28MM YIVLI 40GR | I5: {=IFERROR(INDEX('[1]PROSES ENJEKSİYON'!$J:$J,MATCH(1,('[1]PROSES ENJEKSİYON'!$A:$A=$H$2)*('[1]PROSES ENJEKSİYON'!$F:$F=A5),0)),"")} -> 5 | J5: {=IFERROR(INDEX('[1]PROSES ENJEKSİYON'!$K:$K,MATCH(1,('[1]PROSES ENJEKSİYON'!$A:$A=$H$2)*('[1]PROSES ENJEKSİYON'!$F:$F=A5),0)),"")} -> 5 | K5: {=IFERROR(INDEX('[1]PROSES ENJEKSİYON'!$L:$L,MATCH(1,('[1]PROSES ENJEKSİYON'!$A:$A=$H$2)*('[1]PROSES ENJEKSİYON'!$F:$F=A5),0)),"")} -> 15.59 | L5: {=IFERROR(INDEX('[1]PROSES ENJEKSİYON'!$G:$G,MATCH(1,('[1]PROSES ENJEKSİYON'!$A:$A=$L$2)*('[1]PROSES ENJEKSİYON'!$F:$F=A5),0)),"")} | M5: {=IFERROR(INDEX('[1]PROSES ENJEKSİYON'!$J:$J,MATCH(1,('[1]PROSES ENJEKSİYON'!$A:$A=$L$2)*('[1]PROSES ENJEKSİYON'!$F:$F=A5),0)),"")} | N5: {=IFERROR(INDEX('[1]PROSES ENJEKSİYON'!$K:$K,MATCH(1,('[1]PROSES ENJEKSİYON'!$A:$A=$L$2)*('[1]PROSES ENJEKSİYON'!$F:$F=A5),0)),"")} | O5: {=IFERROR(INDEX('[1]PROSES ENJEKSİYON'!$L:$L,MATCH(1,('[1]PROSES ENJEKSİYON'!$A:$A=$L$2)*('[1]PROSES ENJEKSİYON'!$F:$F=A5),0)),"")} | P5: {=IFERROR(INDEX('[1]PROSES ENJEKSİYON'!$G:$G,MATCH(1,('[1]PROSES ENJEKSİYON'!$A:$A=$P$2)*('[1]PROSES ENJEKSİYON'!$F:$F=A5),0)),"")} -> MM-PET0005-03-028Y-040 - PET0005-03 700ML OPAK SARI 28MM YIVLI 40GR | Q5: {=IFERROR(INDEX('[1]PROSES ENJEKSİYON'!$J:$J,MATCH(1,('[1]PROSES ENJEKSİYON'!$A:$A=$P$2)*('[1]PROSES ENJEKSİYON'!$F:$F=A5),0)),"")} -> 5 | R5: {=IFERROR(INDEX('[1]PROSES ENJEKSİYON'!$K:$K,MATCH(1,('[1]PROSES ENJEKSİYON'!$A:$A=$P$2)*('[1]PROSES ENJEKSİYON'!$F:$F=A5),0)),"")} -> 5 | S5: {=IFERROR(INDEX('[1]PROSES ENJEKSİYON'!$L:$L,MATCH(1,('[1]PROSES ENJEKSİYON'!$A:$A=$P$2)*('[1]PROSES ENJEKSİYON'!$F:$F=A5),0)),"")} -> 15.37 | T5: {=IFERROR(INDEX('[1]PROSES ENJEKSİYON'!$G:$G,MATCH(1,('[1]PROSES ENJEKSİYON'!$A:$A=$T$2)*('[1]PROSES ENJEKSİYON'!$F:$F=A5),0)),"")} -> PET0005-01 700ML SEFFAF SARI 28MM YIVLI 40GR | U5: {=IFERROR(INDEX('[1]PROSES ENJEKSİYON'!$J:$J,MATCH(1,('[1]PROSES ENJEKSİYON'!$A:$A=$T$2)*('[1]PROSES ENJEKSİYON'!$F:$F=A5),0)),"")} -> 5 | V5: {=IFERROR(INDEX('[1]PROSES ENJEKSİYON'!$K:$K,MATCH(1,('[1]PROSES ENJEKSİYON'!$A:$A=$T$2)*('[1]PROSES ENJEKSİYON'!$F:$F=A5),0)),"")} -> 5 | W5: {=IFERROR(INDEX('[1]PROSES ENJEKSİYON'!$L:$L,MATCH(1,('[1]PROSES ENJEKSİYON'!$A:$A=$T$2)*('[1]PROSES ENJEKSİYON'!$F:$F=A5),0)),"")} -> 15.52 | X5: {=IFERROR(INDEX('[1]PROSES ENJEKSİYON'!$G:$G,MATCH(1,('[1]PROSES ENJEKSİYON'!$A:$A=$X$2)*('[1]PROSES ENJEKSİYON'!$F:$F=A5),0)),"")} | Y5: {=IFERROR(INDEX('[1]PROSES ENJEKSİYON'!$J:$J,MATCH(1,('[1]PROSES ENJEKSİYON'!$A:$A=$X$2)*('[1]PROSES ENJEKSİYON'!$F:$F=A5),0)),"")} | Z5: {=IFERROR(INDEX('[1]PROSES ENJEKSİYON'!$K:$K,MATCH(1,('[1]PROSES ENJEKSİYON'!$A:$A=$X$2)*('[1]PROSES ENJEKSİYON'!$F:$F=A5),0)),"")} | AA5: {=IFERROR(INDEX('[1]PROSES ENJEKSİYON'!$L:$L,MATCH(1,('[1]PROSES ENJEKSİYON'!$A:$A=$X$2)*('[1]PROSES ENJEKSİYON'!$F:$F=A5),0)),"")} | AB5: {=IFERROR(INDEX('[1]PROSES ENJEKSİYON'!$G:$G,MATCH(1,('[1]PROSES ENJEKSİYON'!$A:$A=$AB$2)*('[1]PROSES ENJEKSİYON'!$F:$F=A5),0)),"")} | AC5: {=IFERROR(INDEX('[1]PROSES ENJEKSİYON'!$J:$J,MATCH(1,('[1]PROSES ENJEKSİYON'!$A:$A=$AB$2)*('[1]PROSES ENJEKSİYON'!$F:$F=M5),0)),"")} | AD5: {=IFERROR(INDEX('[1]PROSES ENJEKSİYON'!$K:$K,MATCH(1,('[1]PROSES ENJEKSİYON'!$A:$A=$AD$2)*('[1]PROSES ENJEKSİYON'!$F:$F=M5),0)),"")} | AE5: {=IFERROR(INDEX('[1]PROSES ENJEKSİYON'!$L:$L,MATCH(1,('[1]PROSES ENJEKSİYON'!$A:$A=$AB$2)*('[1]PROSES ENJEKSİYON'!$F:$F=A5),0)),"")}
A6: 104 | B6: {=IFERROR(INDEX('[1]PROSES ENJEKSİYON'!$L:$L, MATCH(1,('[1]PROSES ENJEKSİYON'!$A:$A=$B$2)*('[1]PROSES ENJEKSİYON'!$F:$F=A6),0)), "")} | C6: {=IFERROR(INDEX('[1]PROSES ENJEKSİYON'!$L:$L,MATCH(1,('[1]PROSES ENJEKSİYON'!$A:$A=$C$2)*('[1]PROSES ENJEKSİYON'!$F:$F=A6),0)),"")} | D6: {=IFERROR(INDEX('[1]PROSES ENJEKSİYON'!$L:$L,MATCH(1,('[1]PROSES ENJEKSİYON'!$A:$A=$D$2)*('[1]PROSES ENJEKSİYON'!$F:$F=A6),0)),"")} | E6: {=IFERROR(INDEX('[1]PROSES ENJEKSİYON'!$L:$L,MATCH(1,('[1]PROSES ENJEKSİYON'!$A:$A=$E$2)*('[1]PROSES ENJEKSİYON'!$F:$F=A6),0)),"")} | F6: {=IFERROR(INDEX('[1]PROSES ENJEKSİYON'!$L:$L,MATCH(1,('[1]PROSES ENJEKSİYON'!$A:$A=$F$2)*('[1]PROSES ENJEKSİYON'!$F:$F=A6),0)),"")} | G6: {=IFERROR(INDEX('[1]PROSES ENJEKSİYON'!$L:$L,MATCH(1,('[1]PROSES ENJEKSİYON'!$A:$A=$G$2)*('[1]PROSES ENJEKSİYON'!$F:$F=A6),0)),"")} | H6: {=IFERROR(INDEX('[1]PROSES ENJEKSİYON'!$G:$G,MATCH(1,('[1]PROSES ENJEKSİYON'!$A:$A=$H$2)*('[1]PROSES ENJEKSİYON'!$F:$F=A6),0)),"")} -> PET0007-08 400ML OPAK YESIL 28MM YIVLI 25GR | I6: {=IFERROR(INDEX('[1]PROSES ENJEKSİYON'!$J:$J,MATCH(1,('[1]PROSES ENJEKSİYON'!$A:$A=$H$2)*('[1]PROSES ENJEKSİYON'!$F:$F=A6),0)),"")} -> 6 | J6: {=IFERROR(INDEX('[1]PROSES ENJEKSİYON'!$K:$K,MATCH(1,('[1]PROSES ENJEKSİYON'!$A:$A=$H$2)*('[1]PROSES ENJEKSİYON'!$F:$F=A6),0)),"")} -> 5 | K6: {=IFERROR(INDEX('[1]PROSES ENJEKSİYON'!$L:$L,MATCH(1,('[1]PROSES ENJEKSİYON'!$A:$A=$H$2)*('[1]PROSES ENJEKSİYON'!$F:$F=A6),0)),"")} -> 15.92 | L6: {=IFERROR(INDEX('[1]PROSES ENJEKSİYON'!$G:$G,MATCH(1,('[1]PROSES ENJEKSİYON'!$A:$A=$L$2)*('[1]PROSES ENJEKSİYON'!$F:$F=A6),0)),"")} | M6: {=IFERROR(INDEX('[1]PROSES ENJEKSİYON'!$J:$J,MATCH(1,('[1]PROSES ENJEKSİYON'!$A:$A=$L$2)*('[1]PROSES ENJEKSİYON'!$F:$F=A6),0)),"")} | N6: {=IFERROR(INDEX('[1]PROSES ENJEKSİYON'!$K:$K,MATCH(1,('[1]PROSES ENJEKSİYON'!$A:$A=$L$2)*('[1]PROSES ENJEKSİYON'!$F:$F=A6),0)),"")} | O6: {=IFERROR(INDEX('[1]PROSES ENJEKSİYON'!$L:$L,MATCH(1,('[1]PROSES ENJEKSİYON'!$A:$A=$L$2)*('[1]PROSES ENJEKSİYON'!$F:$F=A6),0)),"")} | P6: {=IFERROR(INDEX('[1]PROSES ENJEKSİYON'!$G:$G,MATCH(1,('[1]PROSES ENJEKSİYON'!$A:$A=$P$2)*('[1]PROSES ENJEKSİYON'!$F:$F=A6),0)),"")} -> MM-PET0166-02-028Y-025 - PET0166-02 400ML SEFFAF SEFFAF 28MM YIVLI 25GR | Q6: {=IFERROR(INDEX('[1]PROSES ENJEKSİYON'!$J:$J,MATCH(1,('[1]PROSES ENJEKSİYON'!$A:$A=$P$2)*('[1]PROSES ENJEKSİYON'!$F:$F=A6),0)),"")} -> 6 | R6: {=IFERROR(INDEX('[1]PROSES ENJEKSİYON'!$K:$K,MATCH(1,('[1]PROSES ENJEKSİYON'!$A:$A=$P$2)*('[1]PROSES ENJEKSİYON'!$F:$F=A6),0)),"")} -> 6 | S6: {=IFERROR(INDEX('[1]PROSES ENJEKSİYON'!$L:$L,MATCH(1,('[1]PROSES ENJEKSİYON'!$A:$A=$P$2)*('[1]PROSES ENJEKSİYON'!$F:$F=A6),0)),"")} -> 13.4 | T6: {=IFERROR(INDEX('[1]PROSES ENJEKSİYON'!$G:$G,MATCH(1,('[1]PROSES ENJEKSİYON'!$A:$A=$T$2)*('[1]PROSES ENJEKSİYON'!$F:$F=A6),0)),"")} | U6: {=IFERROR(INDEX('[1]PROSES ENJEKSİYON'!$J:$J,MATCH(1,('[1]PROSES ENJEKSİYON'!$A:$A=$T$2)*('[1]PROSES ENJEKSİYON'!$F:$F=A6),0)),"")} | V6: {=IFERROR(INDEX('[1]PROSES ENJEKSİYON'!$K:$K,MATCH(1,('[1]PROSES ENJEKSİYON'!$A:$A=$T$2)*('[1]PROSES ENJEKSİYON'!$F:$F=A6),0)),"")} | W6: {=IFERROR(INDEX('[1]PROSES ENJEKSİYON'!$L:$L,MATCH(1,('[1]PROSES ENJEKSİYON'!$A:$A=$T$2)*('[1]PROSES ENJEKSİYON'!$F:$F=A6),0)),"")} | X6: {=IFERROR(INDEX('[1]PROSES ENJEKSİYON'!$G:$G,MATCH(1,('[1]PROSES ENJEKSİYON'!$A:$A=$X$2)*('[1]PROSES ENJEKSİYON'!$F:$F=A6),0)),"")} | Y6: {=IFERROR(INDEX('[1]PROSES ENJEKSİYON'!$J:$J,MATCH(1,('[1]PROSES ENJEKSİYON'!$A:$A=$X$2)*('[1]PROSES ENJEKSİYON'!$F:$F=A6),0)),"")} | Z6: {=IFERROR(INDEX('[1]PROSES ENJEKSİYON'!$K:$K,MATCH(1,('[1]PROSES ENJEKSİYON'!$A:$A=$X$2)*('[1]PROSES ENJEKSİYON'!$F:$F=A6),0)),"")} | AA6: {=IFERROR(INDEX('[1]PROSES ENJEKSİYON'!$L:$L,MATCH(1,('[1]PROSES ENJEKSİYON'!$A:$A=$X$2)*('[1]PROSES ENJEKSİYON'!$F:$F=A6),0)),"")} | AB6: {=IFERROR(INDEX('[1]PROSES ENJEKSİYON'!$G:$G,MATCH(1,('[1]PROSES ENJEKSİYON'!$A:$A=$AB$2)*('[1]PROSES ENJEKSİYON'!$F:$F=A6),0)),"")} | AC6: {=IFERROR(INDEX('[1]PROSES ENJEKSİYON'!$J:$J,MATCH(1,('[1]PROSES ENJEKSİYON'!$A:$A=$AB$2)*('[1]PROSES ENJEKSİYON'!$F:$F=M6),0)),"")} | AD6: {=IFERROR(INDEX('[1]PROSES ENJEKSİYON'!$K:$K,MATCH(1,('[1]PROSES ENJEKSİYON'!$A:$A=$AD$2)*('[1]PROSES ENJEKSİYON'!$F:$F=M6),0)),"")} | AE6: {=IFERROR(INDEX('[1]PROSES ENJEKSİYON'!$L:$L,MATCH(1,('[1]PROSES ENJEKSİYON'!$A:$A=$AB$2)*('[1]PROSES ENJEKSİYON'!$F:$F=A6),0)),"")}
A7: 161 | B7: {=IFERROR(INDEX('[1]PROSES ENJEKSİYON'!$L:$L, MATCH(1,('[1]PROSES ENJEKSİYON'!$A:$A=$B$2)*('[1]PROSES ENJEKSİYON'!$F:$F=A7),0)), "")} | C7: {=IFERROR(INDEX('[1]PROSES ENJEKSİYON'!$L:$L,MATCH(1,('[1]PROSES ENJEKSİYON'!$A:$A=$C$2)*('[1]PROSES ENJEKSİYON'!$F:$F=A7),0)),"")} | D7: {=IFERROR(INDEX('[1]PROSES ENJEKSİYON'!$L:$L,MATCH(1,('[1]PROSES ENJEKSİYON'!$A:$A=$D$2)*('[1]PROSES ENJEKSİYON'!$F:$F=A7),0)),"")} | E7: {=IFERROR(INDEX('[1]PROSES ENJEKSİYON'!$L:$L,MATCH(1,('[1]PROSES ENJEKSİYON'!$A:$A=$E$2)*('[1]PROSES ENJEKSİYON'!$F:$F=A7),0)),"")} | F7: {=IFERROR(INDEX('[1]PROSES ENJEKSİYON'!$L:$L,MATCH(1,('[1]PROSES ENJEKSİYON'!$A:$A=$F$2)*('[1]PROSES ENJEKSİYON'!$F:$F=A7),0)),"")} | G7: {=IFERROR(INDEX('[1]PROSES ENJEKSİYON'!$L:$L,MATCH(1,('[1]PROSES ENJEKSİYON'!$A:$A=$G$2)*('[1]PROSES ENJEKSİYON'!$F:$F=A7),0)),"")} | H7: {=IFERROR(INDEX('[1]PROSES ENJEKSİYON'!$G:$G,MATCH(1,('[1]PROSES ENJEKSİYON'!$A:$A=$H$2)*('[1]PROSES ENJEKSİYON'!$F:$F=A7),0)),"")} -> PET0181-02 960ML OPAK SARI 38MM YIVLI 47GR | I7: {=IFERROR(INDEX('[1]PROSES ENJEKSİYON'!$J:$J,MATCH(1,('[1]PROSES ENJEKSİYON'!$A:$A=$H$2)*('[1]PROSES ENJEKSİYON'!$F:$F=A7),0)),"")} -> 6 | J7: {=IFERROR(INDEX('[1]PROSES ENJEKSİYON'!$K:$K,MATCH(1,('[1]PROSES ENJEKSİYON'!$A:$A=$H$2)*('[1]PROSES ENJEKSİYON'!$F:$F=A7),0)),"")} -> 6 | K7: {=IFERROR(INDEX('[1]PROSES ENJEKSİYON'!$L:$L,MATCH(1,('[1]PROSES ENJEKSİYON'!$A:$A=$H$2)*('[1]PROSES ENJEKSİYON'!$F:$F=A7),0)),"")} -> 22.51 | L7: {=IFERROR(INDEX('[1]PROSES ENJEKSİYON'!$G:$G,MATCH(1,('[1]PROSES ENJEKSİYON'!$A:$A=$L$2)*('[1]PROSES ENJEKSİYON'!$F:$F=A7),0)),"")} | M7: {=IFERROR(INDEX('[1]PROSES ENJEKSİYON'!$J:$J,MATCH(1,('[1]PROSES ENJEKSİYON'!$A:$A=$L$2)*('[1]PROSES ENJEKSİYON'!$F:$F=A7),0)),"")} | N7: {=IFERROR(INDEX('[1]PROSES ENJEKSİYON'!$K:$K,MATCH(1,('[1]PROSES ENJEKSİYON'!$A:$A=$L$2)*('[1]PROSES ENJEKSİYON'!$F:$F=A7),0)),"")} | O7: {=IFERROR(INDEX('[1]PROSES ENJEKSİYON'!$L:$L,MATCH(1,('[1]PROSES ENJEKSİYON'!$A:$A=$L$2)*('[1]PROSES ENJEKSİYON'!$F:$F=A7),0)),"")} | P7: {=IFERROR(INDEX('[1]PROSES ENJEKSİYON'!$G:$G,MATCH(1,('[1]PROSES ENJEKSİYON'!$A:$A=$P$2)*('[1]PROSES ENJEKSİYON'!$F:$F=A7),0)),"")} -> MM-PET0181-03-038Y-047 - PET0181-03 960ML OPAK KIRMIZI 38MM YIVLI 47GR | Q7: {=IFERROR(INDEX('[1]PROSES ENJEKSİYON'!$J:$J,MATCH(1,('[1]PROSES ENJEKSİYON'!$A:$A=$P$2)*('[1]PROSES ENJEKSİYON'!$F:$F=A7),0)),"")} -> 2 | R7: {=IFERROR(INDEX('[1]PROSES ENJEKSİYON'!$K:$K,MATCH(1,('[1]PROSES ENJEKSİYON'!$A:$A=$P$2)*('[1]PROSES ENJEKSİYON'!$F:$F=A7),0)),"")} -> 2 | S7: {=IFERROR(INDEX('[1]PROSES ENJEKSİYON'!$L:$L,MATCH(1,('[1]PROSES ENJEKSİYON'!$A:$A=$P$2)*('[1]PROSES ENJEKSİYON'!$F:$F=A7),0)),"")} -> 22.5 | T7: {=IFERROR(INDEX('[1]PROSES ENJEKSİYON'!$G:$G,MATCH(1,('[1]PROSES ENJEKSİYON'!$A:$A=$T$2)*('[1]PROSES ENJEKSİYON'!$F:$F=A7),0)),"")} -> PET0181-03 960ML OPAK KIRMIZI 38MM YIVLI 47GR | U7: {=IFERROR(INDEX('[1]PROSES ENJEKSİYON'!$J:$J,MATCH(1,('[1]PROSES ENJEKSİYON'!$A:$A=$T$2)*('[1]PROSES ENJEKSİYON'!$F:$F=A7),0)),"")} -> 2 | V7: {=IFERROR(INDEX('[1]PROSES ENJEKSİYON'!$K:$K,MATCH(1,('[1]PROSES ENJEKSİYON'!$A:$A=$T$2)*('[1]PROSES ENJEKSİYON'!$F:$F=A7),0)),"")} -> 2 | W7: {=IFERROR(INDEX('[1]PROSES ENJEKSİYON'!$L:$L,MATCH(1,('[1]PROSES ENJEKSİYON'!$A:$A=$T$2)*('[1]PROSES ENJEKSİYON'!$F:$F=A7),0)),"")} -> 22.51 | X7: {=IFERROR(INDEX('[1]PROSES ENJEKSİYON'!$G:$G,MATCH(1,('[1]PROSES ENJEKSİYON'!$A:$A=$X$2)*('[1]PROSES ENJEKSİYON'!$F:$F=A7),0)),"")} | Y7: {=IFERROR(INDEX('[1]PROSES ENJEKSİYON'!$J:$J,MATCH(1,('[1]PROSES ENJEKSİYON'!$A:$A=$X$2)*('[1]PROSES ENJEKSİYON'!$F:$F=A7),0)),"")} | Z7: {=IFERROR(INDEX('[1]PROSES ENJEKSİYON'!$K:$K,MATCH(1,('[1]PROSES ENJEKSİYON'!$A:$A=$X$2)*('[1]PROSES ENJEKSİYON'!$F:$F=A7),0)),"")} | AA7: {=IFERROR(INDEX('[1]PROSES ENJEKSİYON'!$L:$L,MATCH(1,('[1]PROSES ENJEKSİYON'!$A:$A=$X$2)*('[1]PROSES ENJEKSİYON'!$F:$F=A7),0)),"")} | AB7: {=IFERROR(INDEX('[1]PROSES ENJEKSİYON'!$G:$G,MATCH(1,('[1]PROSES ENJEKSİYON'!$A:$A=$AB$2)*('[1]PROSES ENJEKSİYON'!$F:$F=A7),0)),"")} | AC7: {=IFERROR(INDEX('[1]PROSES ENJEKSİYON'!$J:$J,MATCH(1,('[1]PROSES ENJEKSİYON'!$A:$A=$AB$2)*('[1]PROSES ENJEKSİYON'!$F:$F=M7),0)),"")} | AD7: {=IFERROR(INDEX('[1]PROSES ENJEKSİYON'!$K:$K,MATCH(1,('[1]PROSES ENJEKSİYON'!$A:$A=$AD$2)*('[1]PROSES ENJEKSİYON'!$F:$F=M7),0)),"")} | AE7: {=IFERROR(INDEX('[1]PROSES ENJEKSİYON'!$L:$L,MATCH(1,('[1]PROSES ENJEKSİYON'!$A:$A=$AB$2)*('[1]PROSES ENJEKSİYON'!$F:$F=A7),0)),"")}
A8: 162 | B8: {=IFERROR(INDEX('[1]PROSES ENJEKSİYON'!$L:$L, MATCH(1,('[1]PROSES ENJEKSİYON'!$A:$A=$B$2)*('[1]PROSES ENJEKSİYON'!$F:$F=A8),0)), "")} | C8: {=IFERROR(INDEX('[1]PROSES ENJEKSİYON'!$L:$L,MATCH(1,('[1]PROSES ENJEKSİYON'!$A:$A=$C$2)*('[1]PROSES ENJEKSİYON'!$F:$F=A8),0)),"")} | D8: {=IFERROR(INDEX('[1]PROSES ENJEKSİYON'!$L:$L,MATCH(1,('[1]PROSES ENJEKSİYON'!$A:$A=$D$2)*('[1]PROSES ENJEKSİYON'!$F:$F=A8),0)),"")} | E8: {=IFERROR(INDEX('[1]PROSES ENJEKSİYON'!$L:$L,MATCH(1,('[1]PROSES ENJEKSİYON'!$A:$A=$E$2)*('[1]PROSES ENJEKSİYON'!$F:$F=A8),0)),"")} | F8: {=IFERROR(INDEX('[1]PROSES ENJEKSİYON'!$L:$L,MATCH(1,('[1]PROSES ENJEKSİYON'!$A:$A=$F$2)*('[1]PROSES ENJEKSİYON'!$F:$F=A8),0)),"")} | G8: {=IFERROR(INDEX('[1]PROSES ENJEKSİYON'!$L:$L,MATCH(1,('[1]PROSES ENJEKSİYON'!$A:$A=$G$2)*('[1]PROSES ENJEKSİYON'!$F:$F=A8),0)),"")} | H8: {=IFERROR(INDEX('[1]PROSES ENJEKSİYON'!$G:$G,MATCH(1,('[1]PROSES ENJEKSİYON'!$A:$A=$H$2)*('[1]PROSES ENJEKSİYON'!$F:$F=A8),0)),"")} -> PET0014-01 1000ML SEFFAF SEFFAF 28MM YIVLI 52GR | I8: {=IFERROR(INDEX('[1]PROSES ENJEKSİYON'!$J:$J,MATCH(1,('[1]PROSES ENJEKSİYON'!$A:$A=$H$2)*('[1]PROSES ENJEKSİYON'!$F:$F=A8),0)),"")} -> 6 | J8: {=IFERROR(INDEX('[1]PROSES ENJEKSİYON'!$K:$K,MATCH(1,('[1]PROSES ENJEKSİYON'!$A:$A=$H$2)*('[1]PROSES ENJEKSİYON'!$F:$F=A8),0)),"")} -> 6 | K8: {=IFERROR(INDEX('[1]PROSES ENJEKSİYON'!$L:$L,MATCH(1,('[1]PROSES ENJEKSİYON'!$A:$A=$H$2)*('[1]PROSES ENJEKSİYON'!$F:$F=A8),0)),"")} -> 24 | L8: {=IFERROR(INDEX('[1]PROSES ENJEKSİYON'!$G:$G,MATCH(1,('[1]PROSES ENJEKSİYON'!$A:$A=$L$2)*('[1]PROSES ENJEKSİYON'!$F:$F=A8),0)),"")} | M8: {=IFERROR(INDEX('[1]PROSES ENJEKSİYON'!$J:$J,MATCH(1,('[1]PROSES ENJEKSİYON'!$A:$A=$L$2)*('[1]PROSES ENJEKSİYON'!$F:$F=A8),0)),"")} | N8: {=IFERROR(INDEX('[1]PROSES ENJEKSİYON'!$K:$K,MATCH(1,('[1]PROSES ENJEKSİYON'!$A:$A=$L$2)*('[1]PROSES ENJEKSİYON'!$F:$F=A8),0)),"")} | O8: {=IFERROR(INDEX('[1]PROSES ENJEKSİYON'!$L:$L,MATCH(1,('[1]PROSES ENJEKSİYON'!$A:$A=$L$2)*('[1]PROSES ENJEKSİYON'!$F:$F=A8),0)),"")} | P8: {=IFERROR(INDEX('[1]PROSES ENJEKSİYON'!$G:$G,MATCH(1,('[1]PROSES ENJEKSİYON'!$A:$A=$P$2)*('[1]PROSES ENJEKSİYON'!$F:$F=A8),0)),"")} -> MM-PET0013-02-028Y-052 - PET0013-02 1000ML OPAK BEYAZ 28MM YIVLI 52GR | Q8: {=IFERROR(INDEX('[1]PROSES ENJEKSİYON'!$J:$J,MATCH(1,('[1]PROSES ENJEKSİYON'!$A:$A=$P$2)*('[1]PROSES ENJEKSİYON'!$F:$F=A8),0)),"")} -> 2 | R8: {=IFERROR(INDEX('[1]PROSES ENJEKSİYON'!$K:$K,MATCH(1,('[1]PROSES ENJEKSİYON'!$A:$A=$P$2)*('[1]PROSES ENJEKSİYON'!$F:$F=A8),0)),"")} -> 2 | S8: {=IFERROR(INDEX('[1]PROSES ENJEKSİYON'!$L:$L,MATCH(1,('[1]PROSES ENJEKSİYON'!$A:$A=$P$2)*('[1]PROSES ENJEKSİYON'!$F:$F=A8),0)),"")} -> 24 | T8: {=IFERROR(INDEX('[1]PROSES ENJEKSİYON'!$G:$G,MATCH(1,('[1]PROSES ENJEKSİYON'!$A:$A=$T$2)*('[1]PROSES ENJEKSİYON'!$F:$F=A8),0)),"")} | U8: {=IFERROR(INDEX('[1]PROSES ENJEKSİYON'!$J:$J,MATCH(1,('[1]PROSES ENJEKSİYON'!$A:$A=$T$2)*('[1]PROSES ENJEKSİYON'!$F:$F=A8),0)),"")} | V8: {=IFERROR(INDEX('[1]PROSES ENJEKSİYON'!$K:$K,MATCH(1,('[1]PROSES ENJEKSİYON'!$A:$A=$T$2)*('[1]PROSES ENJEKSİYON'!$F:$F=A8),0)),"")} | W8: {=IFERROR(INDEX('[1]PROSES ENJEKSİYON'!$L:$L,MATCH(1,('[1]PROSES ENJEKSİYON'!$A:$A=$T$2)*('[1]PROSES ENJEKSİYON'!$F:$F=A8),0)),"")} | X8: {=IFERROR(INDEX('[1]PROSES ENJEKSİYON'!$G:$G,MATCH(1,('[1]PROSES ENJEKSİYON'!$A:$A=$X$2)*('[1]PROSES ENJEKSİYON'!$F:$F=A8),0)),"")} | Y8: {=IFERROR(INDEX('[1]PROSES ENJEKSİYON'!$J:$J,MATCH(1,('[1]PROSES ENJEKSİYON'!$A:$A=$X$2)*('[1]PROSES ENJEKSİYON'!$F:$F=A8),0)),"")} | Z8: {=IFERROR(INDEX('[1]PROSES ENJEKSİYON'!$K:$K,MATCH(1,('[1]PROSES ENJEKSİYON'!$A:$A=$X$2)*('[1]PROSES ENJEKSİYON'!$F:$F=A8),0)),"")} | AA8: {=IFERROR(INDEX('[1]PROSES ENJEKSİYON'!$L:$L,MATCH(1,('[1]PROSES ENJEKSİYON'!$A:$A=$X$2)*('[1]PROSES ENJEKSİYON'!$F:$F=A8),0)),"")} | AB8: {=IFERROR(INDEX('[1]PROSES ENJEKSİYON'!$G:$G,MATCH(1,('[1]PROSES ENJEKSİYON'!$A:$A=$AB$2)*('[1]PROSES ENJEKSİYON'!$F:$F=A8),0)),"")} | AC8: {=IFERROR(INDEX('[1]PROSES ENJEKSİYON'!$J:$J,MATCH(1,('[1]PROSES ENJEKSİYON'!$A:$A=$AB$2)*('[1]PROSES ENJEKSİYON'!$F:$F=M8),0)),"")} | AD8: {=IFERROR(INDEX('[1]PROSES ENJEKSİYON'!$K:$K,MATCH(1,('[1]PROSES ENJEKSİYON'!$A:$A=$AD$2)*('[1]PROSES ENJEKSİYON'!$F:$F=M8),0)),"")} | AE8: {=IFERROR(INDEX('[1]PROSES ENJEKSİYON'!$L:$L,MATCH(1,('[1]PROSES ENJEKSİYON'!$A:$A=$AB$2)*('[1]PROSES ENJEKSİYON'!$F:$F=A8),0)),"")}
A9: 163 | B9: {=IFERROR(INDEX('[1]PROSES ENJEKSİYON'!$L:$L, MATCH(1,('[1]PROSES ENJEKSİYON'!$A:$A=$B$2)*('[1]PROSES ENJEKSİYON'!$F:$F=A9),0)), "")} | C9: {=IFERROR(INDEX('[1]PROSES ENJEKSİYON'!$L:$L,MATCH(1,('[1]PROSES ENJEKSİYON'!$A:$A=$C$2)*('[1]PROSES ENJEKSİYON'!$F:$F=A9),0)),"")} | D9: {=IFERROR(INDEX('[1]PROSES ENJEKSİYON'!$L:$L,MATCH(1,('[1]PROSES ENJEKSİYON'!$A:$A=$D$2)*('[1]PROSES ENJEKSİYON'!$F:$F=A9),0)),"")} | E9: {=IFERROR(INDEX('[1]PROSES ENJEKSİYON'!$L:$L,MATCH(1,('[1]PROSES ENJEKSİYON'!$A:$A=$E$2)*('[1]PROSES ENJEKSİYON'!$F:$F=A9),0)),"")} | F9: {=IFERROR(INDEX('[1]PROSES ENJEKSİYON'!$L:$L,MATCH(1,('[1]PROSES ENJEKSİYON'!$A:$A=$F$2)*('[1]PROSES ENJEKSİYON'!$F:$F=A9),0)),"")} | G9: {=IFERROR(INDEX('[1]PROSES ENJEKSİYON'!$L:$L,MATCH(1,('[1]PROSES ENJEKSİYON'!$A:$A=$G$2)*('[1]PROSES ENJEKSİYON'!$F:$F=A9),0)),"")} | H9: {=IFERROR(INDEX('[1]PROSES ENJEKSİYON'!$G:$G,MATCH(1,('[1]PROSES ENJEKSİYON'!$A:$A=$H$2)*('[1]PROSES ENJEKSİYON'!$F:$F=A9),0)),"")} | I9: {=IFERROR(INDEX('[1]PROSES ENJEKSİYON'!$J:$J,MATCH(1,('[1]PROSES ENJEKSİYON'!$A:$A=$H$2)*('[1]PROSES ENJEKSİYON'!$F:$F=A9),0)),"")} | J9: {=IFERROR(INDEX('[1]PROSES ENJEKSİYON'!$K:$K,MATCH(1,('[1]PROSES ENJEKSİYON'!$A:$A=$H$2)*('[1]PROSES ENJEKSİYON'!$F:$F=A9),0)),"")} | K9: {=IFERROR(INDEX('[1]PROSES ENJEKSİYON'!$L:$L,MATCH(1,('[1]PROSES ENJEKSİYON'!$A:$A=$H$2)*('[1]PROSES ENJEKSİYON'!$F:$F=A9),0)),"")} | L9: {=IFERROR(INDEX('[1]PROSES ENJEKSİYON'!$G:$G,MATCH(1,('[1]PROSES ENJEKSİYON'!$A:$A=$L$2)*('[1]PROSES ENJEKSİYON'!$F:$F=A9),0)),"")} | M9: {=IFERROR(INDEX('[1]PROSES ENJEKSİYON'!$J:$J,MATCH(1,('[1]PROSES ENJEKSİYON'!$A:$A=$L$2)*('[1]PROSES ENJEKSİYON'!$F:$F=A9),0)),"")} | N9: {=IFERROR(INDEX('[1]PROSES ENJEKSİYON'!$K:$K,MATCH(1,('[1]PROSES ENJEKSİYON'!$A:$A=$L$2)*('[1]PROSES ENJEKSİYON'!$F:$F=A9),0)),"")} | O9: {=IFERROR(INDEX('[1]PROSES ENJEKSİYON'!$L:$L,MATCH(1,('[1]PROSES ENJEKSİYON'!$A:$A=$L$2)*('[1]PROSES ENJEKSİYON'!$F:$F=A9),0)),"")} | P9: {=IFERROR(INDEX('[1]PROSES ENJEKSİYON'!$G:$G,MATCH(1,('[1]PROSES ENJEKSİYON'!$A:$A=$P$2)*('[1]PROSES ENJEKSİYON'!$F:$F=A9),0)),"")} -> MM-PET0295-01-028Y-040 - PET0295-01 739ML SEFFAF SEFFAF 28MM YIVLI 40GR | Q9: {=IFERROR(INDEX('[1]PROSES ENJEKSİYON'!$J:$J,MATCH(1,('[1]PROSES ENJEKSİYON'!$A:$A=$P$2)*('[1]PROSES ENJEKSİYON'!$F:$F=A9),0)),"")} -> 2 | R9: {=IFERROR(INDEX('[1]PROSES ENJEKSİYON'!$K:$K,MATCH(1,('[1]PROSES ENJEKSİYON'!$A:$A=$P$2)*('[1]PROSES ENJEKSİYON'!$F:$F=A9),0)),"")} -> 2 | S9: {=IFERROR(INDEX('[1]PROSES ENJEKSİYON'!$L:$L,MATCH(1,('[1]PROSES ENJEKSİYON'!$A:$A=$P$2)*('[1]PROSES ENJEKSİYON'!$F:$F=A9),0)),"")} -> 0 | T9: {=IFERROR(INDEX('[1]PROSES ENJEKSİYON'!$G:$G,MATCH(1,('[1]PROSES ENJEKSİYON'!$A:$A=$T$2)*('[1]PROSES ENJEKSİYON'!$F:$F=A9),0)),"")} -> PET0295-01 739ML SEFFAF SEFFAF 28MM YIVLI 40GR | U9: {=IFERROR(INDEX('[1]PROSES ENJEKSİYON'!$J:$J,MATCH(1,('[1]PROSES ENJEKSİYON'!$A:$A=$T$2)*('[1]PROSES ENJEKSİYON'!$F:$F=A9),0)),"")} -> 2 | V9: {=IFERROR(INDEX('[1]PROSES ENJEKSİYON'!$K:$K,MATCH(1,('[1]PROSES ENJEKSİYON'!$A:$A=$T$2)*('[1]PROSES ENJEKSİYON'!$F:$F=A9),0)),"")} -> 2 | W9: {=IFERROR(INDEX('[1]PROSES ENJEKSİYON'!$L:$L,MATCH(1,('[1]PROSES ENJEKSİYON'!$A:$A=$T$2)*('[1]PROSES ENJEKSİYON'!$F:$F=A9),0)),"")} -> 19.79 | X9: {=IFERROR(INDEX('[1]PROSES ENJEKSİYON'!$G:$G,MATCH(1,('[1]PROSES ENJEKSİYON'!$A:$A=$X$2)*('[1]PROSES ENJEKSİYON'!$F:$F=A9),0)),"")} | Y9: {=IFERROR(INDEX('[1]PROSES ENJEKSİYON'!$J:$J,MATCH(1,('[1]PROSES ENJEKSİYON'!$A:$A=$X$2)*('[1]PROSES ENJEKSİYON'!$F:$F=A9),0)),"")} | Z9: {=IFERROR(INDEX('[1]PROSES ENJEKSİYON'!$K:$K,MATCH(1,('[1]PROSES ENJEKSİYON'!$A:$A=$X$2)*('[1]PROSES ENJEKSİYON'!$F:$F=A9),0)),"")} | AA9: {=IFERROR(INDEX('[1]PROSES ENJEKSİYON'!$L:$L,MATCH(1,('[1]PROSES ENJEKSİYON'!$A:$A=$X$2)*('[1]PROSES ENJEKSİYON'!$F:$F=A9),0)),"")} | AB9: {=IFERROR(INDEX('[1]PROSES ENJEKSİYON'!$G:$G,MATCH(1,('[1]PROSES ENJEKSİYON'!$A:$A=$AB$2)*('[1]PROSES ENJEKSİYON'!$F:$F=A9),0)),"")} | AC9: {=IFERROR(INDEX('[1]PROSES ENJEKSİYON'!$J:$J,MATCH(1,('[1]PROSES ENJEKSİYON'!$A:$A=$AB$2)*('[1]PROSES ENJEKSİYON'!$F:$F=M9),0)),"")} | AD9: {=IFERROR(INDEX('[1]PROSES ENJEKSİYON'!$K:$K,MATCH(1,('[1]PROSES ENJEKSİYON'!$A:$A=$AD$2)*('[1]PROSES ENJEKSİYON'!$F:$F=M9),0)),"")} | AE9: {=IFERROR(INDEX('[1]PROSES ENJEKSİYON'!$L:$L,MATCH(1,('[1]PROSES ENJEKSİYON'!$A:$A=$AB$2)*('[1]PROSES ENJEKSİYON'!$F:$F=A9),0)),"")}
A10: 164 | B10: {=IFERROR(INDEX('[1]PROSES ENJEKSİYON'!$L:$L, MATCH(1,('[1]PROSES ENJEKSİYON'!$A:$A=$B$2)*('[1]PROSES ENJEKSİYON'!$F:$F=A10),0)), "")} | C10: {=IFERROR(INDEX('[1]PROSES ENJEKSİYON'!$L:$L,MATCH(1,('[1]PROSES ENJEKSİYON'!$A:$A=$C$2)*('[1]PROSES ENJEKSİYON'!$F:$F=A10),0)),"")} | D10: {=IFERROR(INDEX('[1]PROSES ENJEKSİYON'!$L:$L,MATCH(1,('[1]PROSES ENJEKSİYON'!$A:$A=$D$2)*('[1]PROSES ENJEKSİYON'!$F:$F=A10),0)),"")} | E10: {=IFERROR(INDEX('[1]PROSES ENJEKSİYON'!$L:$L,MATCH(1,('[1]PROSES ENJEKSİYON'!$A:$A=$E$2)*('[1]PROSES ENJEKSİYON'!$F:$F=A10),0)),"")} | F10: {=IFERROR(INDEX('[1]PROSES ENJEKSİYON'!$L:$L,MATCH(1,('[1]PROSES ENJEKSİYON'!$A:$A=$F$2)*('[1]PROSES ENJEKSİYON'!$F:$F=A10),0)),"")} | G10: {=IFERROR(INDEX('[1]PROSES ENJEKSİYON'!$L:$L,MATCH(1,('[1]PROSES ENJEKSİYON'!$A:$A=$G$2)*('[1]PROSES ENJEKSİYON'!$F:$F=A10),0)),"")} | H10: {=IFERROR(INDEX('[1]PROSES ENJEKSİYON'!$G:$G,MATCH(1,('[1]PROSES ENJEKSİYON'!$A:$A=$H$2)*('[1]PROSES ENJEKSİYON'!$F:$F=A10),0)),"")} | I10: {=IFERROR(INDEX('[1]PROSES ENJEKSİYON'!$J:$J,MATCH(1,('[1]PROSES ENJEKSİYON'!$A:$A=$H$2)*('[1]PROSES ENJEKSİYON'!$F:$F=A10),0)),"")} | J10: {=IFERROR(INDEX('[1]PROSES ENJEKSİYON'!$K:$K,MATCH(1,('[1]PROSES ENJEKSİYON'!$A:$A=$H$2)*('[1]PROSES ENJEKSİYON'!$F:$F=A10),0)),"")} | K10: {=IFERROR(INDEX('[1]PROSES ENJEKSİYON'!$L:$L,MATCH(1,('[1]PROSES ENJEKSİYON'!$A:$A=$H$2)*('[1]PROSES ENJEKSİYON'!$F:$F=A10),0)),"")} | L10: {=IFERROR(INDEX('[1]PROSES ENJEKSİYON'!$G:$G,MATCH(1,('[1]PROSES ENJEKSİYON'!$A:$A=$L$2)*('[1]PROSES ENJEKSİYON'!$F:$F=A10),0)),"")} | M10: {=IFERROR(INDEX('[1]PROSES ENJEKSİYON'!$J:$J,MATCH(1,('[1]PROSES ENJEKSİYON'!$A:$A=$L$2)*('[1]PROSES ENJEKSİYON'!$F:$F=A10),0)),"")} | N10: {=IFERROR(INDEX('[1]PROSES ENJEKSİYON'!$K:$K,MATCH(1,('[1]PROSES ENJEKSİYON'!$A:$A=$L$2)*('[1]PROSES ENJEKSİYON'!$F:$F=A10),0)),"")} | O10: {=IFERROR(INDEX('[1]PROSES ENJEKSİYON'!$L:$L,MATCH(1,('[1]PROSES ENJEKSİYON'!$A:$A=$L$2)*('[1]PROSES ENJEKSİYON'!$F:$F=A10),0)),"")} | P10: {=IFERROR(INDEX('[1]PROSES ENJEKSİYON'!$G:$G,MATCH(1,('[1]PROSES ENJEKSİYON'!$A:$A=$P$2)*('[1]PROSES ENJEKSİYON'!$F:$F=A10),0)),"")} -> MM-PET0014-01-028Y-052 - PET0014-01 1000ML SEFFAF SEFFAF 28MM YIVLI 52GR | Q10: {=IFERROR(INDEX('[1]PROSES ENJEKSİYON'!$J:$J,MATCH(1,('[1]PROSES ENJEKSİYON'!$A:$A=$P$2)*('[1]PROSES ENJEKSİYON'!$F:$F=A10),0)),"")} -> 2 | R10: {=IFERROR(INDEX('[1]PROSES ENJEKSİYON'!$K:$K,MATCH(1,('[1]PROSES ENJEKSİYON'!$A:$A=$P$2)*('[1]PROSES ENJEKSİYON'!$F:$F=A10),0)),"")} -> 2 | S10: {=IFERROR(INDEX('[1]PROSES ENJEKSİYON'!$L:$L,MATCH(1,('[1]PROSES ENJEKSİYON'!$A:$A=$P$2)*('[1]PROSES ENJEKSİYON'!$F:$F=A10),0)),"")} -> 23.99 | T10: {=IFERROR(INDEX('[1]PROSES ENJEKSİYON'!$G:$G,MATCH(1,('[1]PROSES ENJEKSİYON'!$A:$A=$T$2)*('[1]PROSES ENJEKSİYON'!$F:$F=A10),0)),"")} | U10: {=IFERROR(INDEX('[1]PROSES ENJEKSİYON'!$J:$J,MATCH(1,('[1]PROSES ENJEKSİYON'!$A:$A=$T$2)*('[1]PROSES ENJEKSİYON'!$F:$F=A10),0)),"")} | V10: {=IFERROR(INDEX('[1]PROSES ENJEKSİYON'!$K:$K,MATCH(1,('[1]PROSES ENJEKSİYON'!$A:$A=$T$2)*('[1]PROSES ENJEKSİYON'!$F:$F=A10),0)),"")} | W10: {=IFERROR(INDEX('[1]PROSES ENJEKSİYON'!$L:$L,MATCH(1,('[1]PROSES ENJEKSİYON'!$A:$A=$T$2)*('[1]PROSES ENJEKSİYON'!$F:$F=A10),0)),"")} | X10: {=IFERROR(INDEX('[1]PROSES ENJEKSİYON'!$G:$G,MATCH(1,('[1]PROSES ENJEKSİYON'!$A:$A=$X$2)*('[1]PROSES ENJEKSİYON'!$F:$F=A10),0)),"")} | Y10: {=IFERROR(INDEX('[1]PROSES ENJEKSİYON'!$J:$J,MATCH(1,('[1]PROSES ENJEKSİYON'!$A:$A=$X$2)*('[1]PROSES ENJEKSİYON'!$F:$F=A10),0)),"")} | Z10: {=IFERROR(INDEX('[1]PROSES ENJEKSİYON'!$K:$K,MATCH(1,('[1]PROSES ENJEKSİYON'!$A:$A=$X$2)*('[1]PROSES ENJEKSİYON'!$F:$F=A10),0)),"")} | AA10: {=IFERROR(INDEX('[1]PROSES ENJEKSİYON'!$L:$L,MATCH(1,('[1]PROSES ENJEKSİYON'!$A:$A=$X$2)*('[1]PROSES ENJEKSİYON'!$F:$F=A10),0)),"")} | AB10: {=IFERROR(INDEX('[1]PROSES ENJEKSİYON'!$G:$G,MATCH(1,('[1]PROSES ENJEKSİYON'!$A:$A=$AB$2)*('[1]PROSES ENJEKSİYON'!$F:$F=A10),0)),"")} | AC10: {=IFERROR(INDEX('[1]PROSES ENJEKSİYON'!$J:$J,MATCH(1,('[1]PROSES ENJEKSİYON'!$A:$A=$AB$2)*('[1]PROSES ENJEKSİYON'!$F:$F=M10),0)),"")} | AD10: {=IFERROR(INDEX('[1]PROSES ENJEKSİYON'!$K:$K,MATCH(1,('[1]PROSES ENJEKSİYON'!$A:$A=$AD$2)*('[1]PROSES ENJEKSİYON'!$F:$F=M10),0)),"")} | AE10: {=IFERROR(INDEX('[1]PROSES ENJEKSİYON'!$L:$L,MATCH(1,('[1]PROSES ENJEKSİYON'!$A:$A=$AB$2)*('[1]PROSES ENJEKSİYON'!$F:$F=A10),0)),"")}
A11: 181 | B11: {=IFERROR(INDEX('[1]PROSES ENJEKSİYON'!$L:$L, MATCH(1,('[1]PROSES ENJEKSİYON'!$A:$A=$B$2)*('[1]PROSES ENJEKSİYON'!$F:$F=A11),0)), "")} | C11: {=IFERROR(INDEX('[1]PROSES ENJEKSİYON'!$L:$L,MATCH(1,('[1]PROSES ENJEKSİYON'!$A:$A=$C$2)*('[1]PROSES ENJEKSİYON'!$F:$F=A11),0)),"")} | D11: {=IFERROR(INDEX('[1]PROSES ENJEKSİYON'!$L:$L,MATCH(1,('[1]PROSES ENJEKSİYON'!$A:$A=$D$2)*('[1]PROSES ENJEKSİYON'!$F:$F=A11),0)),"")} | E11: {=IFERROR(INDEX('[1]PROSES ENJEKSİYON'!$L:$L,MATCH(1,('[1]PROSES ENJEKSİYON'!$A:$A=$E$2)*('[1]PROSES ENJEKSİYON'!$F:$F=A11),0)),"")} | F11: {=IFERROR(INDEX('[1]PROSES ENJEKSİYON'!$L:$L,MATCH(1,('[1]PROSES ENJEKSİYON'!$A:$A=$F$2)*('[1]PROSES ENJEKSİYON'!$F:$F=A11),0)),"")} | G11: {=IFERROR(INDEX('[1]PROSES ENJEKSİYON'!$L:$L,MATCH(1,('[1]PROSES ENJEKSİYON'!$A:$A=$G$2)*('[1]PROSES ENJEKSİYON'!$F:$F=A11),0)),"")} | H11: {=IFERROR(INDEX('[1]PROSES ENJEKSİYON'!$G:$G,MATCH(1,('[1]PROSES ENJEKSİYON'!$A:$A=$H$2)*('[1]PROSES ENJEKSİYON'!$F:$F=A11),0)),"")} | I11: {=IFERROR(INDEX('[1]PROSES ENJEKSİYON'!$J:$J,MATCH(1,('[1]PROSES ENJEKSİYON'!$A:$A=$H$2)*('[1]PROSES ENJEKSİYON'!$F:$F=A11),0)),"")} | J11: {=IFERROR(INDEX('[1]PROSES ENJEKSİYON'!$K:$K,MATCH(1,('[1]PROSES ENJEKSİYON'!$A:$A=$H$2)*('[1]PROSES ENJEKSİYON'!$F:$F=A11),0)),"")} | K11: {=IFERROR(INDEX('[1]PROSES ENJEKSİYON'!$L:$L,MATCH(1,('[1]PROSES ENJEKSİYON'!$A:$A=$H$2)*('[1]PROSES ENJEKSİYON'!$F:$F=A11),0)),"")} | L11: {=IFERROR(INDEX('[1]PROSES ENJEKSİYON'!$G:$G,MATCH(1,('[1]PROSES ENJEKSİYON'!$A:$A=$L$2)*('[1]PROSES ENJEKSİYON'!$F:$F=A11),0)),"")} | M11: {=IFERROR(INDEX('[1]PROSES ENJEKSİYON'!$J:$J,MATCH(1,('[1]PROSES ENJEKSİYON'!$A:$A=$L$2)*('[1]PROSES ENJEKSİYON'!$F:$F=A11),0)),"")} | N11: {=IFERROR(INDEX('[1]PROSES ENJEKSİYON'!$K:$K,MATCH(1,('[1]PROSES ENJEKSİYON'!$A:$A=$L$2)*('[1]PROSES ENJEKSİYON'!$F:$F=A11),0)),"")} | O11: {=IFERROR(INDEX('[1]PROSES ENJEKSİYON'!$L:$L,MATCH(1,('[1]PROSES ENJEKSİYON'!$A:$A=$L$2)*('[1]PROSES ENJEKSİYON'!$F:$F=A11),0)),"")} | P11: {=IFERROR(INDEX('[1]PROSES ENJEKSİYON'!$G:$G,MATCH(1,('[1]PROSES ENJEKSİYON'!$A:$A=$P$2)*('[1]PROSES ENJEKSİYON'!$F:$F=A11),0)),"")} | Q11: {=IFERROR(INDEX('[1]PROSES ENJEKSİYON'!$J:$J,MATCH(1,('[1]PROSES ENJEKSİYON'!$A:$A=$P$2)*('[1]PROSES ENJEKSİYON'!$F:$F=A11),0)),"")} | R11: {=IFERROR(INDEX('[1]PROSES ENJEKSİYON'!$K:$K,MATCH(1,('[1]PROSES ENJEKSİYON'!$A:$A=$P$2)*('[1]PROSES ENJEKSİYON'!$F:$F=A11),0)),"")} | S11: {=IFERROR(INDEX('[1]PROSES ENJEKSİYON'!$L:$L,MATCH(1,('[1]PROSES ENJEKSİYON'!$A:$A=$P$2)*('[1]PROSES ENJEKSİYON'!$F:$F=A11),0)),"")} | T11: {=IFERROR(INDEX('[1]PROSES ENJEKSİYON'!$G:$G,MATCH(1,('[1]PROSES ENJEKSİYON'!$A:$A=$T$2)*('[1]PROSES ENJEKSİYON'!$F:$F=A11),0)),"")} | U11: {=IFERROR(INDEX('[1]PROSES ENJEKSİYON'!$J:$J,MATCH(1,('[1]PROSES ENJEKSİYON'!$A:$A=$T$2)*('[1]PROSES ENJEKSİYON'!$F:$F=A11),0)),"")} | V11: {=IFERROR(INDEX('[1]PROSES ENJEKSİYON'!$K:$K,MATCH(1,('[1]PROSES ENJEKSİYON'!$A:$A=$T$2)*('[1]PROSES ENJEKSİYON'!$F:$F=A11),0)),"")} | W11: {=IFERROR(INDEX('[1]PROSES ENJEKSİYON'!$L:$L,MATCH(1,('[1]PROSES ENJEKSİYON'!$A:$A=$T$2)*('[1]PROSES ENJEKSİYON'!$F:$F=A11),0)),"")} | X11: {=IFERROR(INDEX('[1]PROSES ENJEKSİYON'!$G:$G,MATCH(1,('[1]PROSES ENJEKSİYON'!$A:$A=$X$2)*('[1]PROSES ENJEKSİYON'!$F:$F=A11),0)),"")} | Y11: {=IFERROR(INDEX('[1]PROSES ENJEKSİYON'!$J:$J,MATCH(1,('[1]PROSES ENJEKSİYON'!$A:$A=$X$2)*('[1]PROSES ENJEKSİYON'!$F:$F=A11),0)),"")} | Z11: {=IFERROR(INDEX('[1]PROSES ENJEKSİYON'!$K:$K,MATCH(1,('[1]PROSES ENJEKSİYON'!$A:$A=$X$2)*('[1]PROSES ENJEKSİYON'!$F:$F=A11),0)),"")} | AA11: {=IFERROR(INDEX('[1]PROSES ENJEKSİYON'!$L:$L,MATCH(1,('[1]PROSES ENJEKSİYON'!$A:$A=$X$2)*('[1]PROSES ENJEKSİYON'!$F:$F=A11),0)),"")} | AB11: {=IFERROR(INDEX('[1]PROSES ENJEKSİYON'!$G:$G,MATCH(1,('[1]PROSES ENJEKSİYON'!$A:$A=$AB$2)*('[1]PROSES ENJEKSİYON'!$F:$F=A11),0)),"")} | AC11: {=IFERROR(INDEX('[1]PROSES ENJEKSİYON'!$J:$J,MATCH(1,('[1]PROSES ENJEKSİYON'!$A:$A=$AB$2)*('[1]PROSES ENJEKSİYON'!$F:$F=M11),0)),"")} | AD11: {=IFERROR(INDEX('[1]PROSES ENJEKSİYON'!$K:$K,MATCH(1,('[1]PROSES ENJEKSİYON'!$A:$A=$AD$2)*('[1]PROSES ENJEKSİYON'!$F:$F=M11),0)),"")} | AE11: {=IFERROR(INDEX('[1]PROSES ENJEKSİYON'!$L:$L,MATCH(1,('[1]PROSES ENJEKSİYON'!$A:$A=$AB$2)*('[1]PROSES ENJEKSİYON'!$F:$F=A11),0)),"")}
A12: 182 | B12: {=IFERROR(INDEX('[1]PROSES ENJEKSİYON'!$L:$L, MATCH(1,('[1]PROSES ENJEKSİYON'!$A:$A=$B$2)*('[1]PROSES ENJEKSİYON'!$F:$F=A12),0)), "")} | C12: {=IFERROR(INDEX('[1]PROSES ENJEKSİYON'!$L:$L,MATCH(1,('[1]PROSES ENJEKSİYON'!$A:$A=$C$2)*('[1]PROSES ENJEKSİYON'!$F:$F=A12),0)),"")} | D12: {=IFERROR(INDEX('[1]PROSES ENJEKSİYON'!$L:$L,MATCH(1,('[1]PROSES ENJEKSİYON'!$A:$A=$D$2)*('[1]PROSES ENJEKSİYON'!$F:$F=A12),0)),"")} | E12: {=IFERROR(INDEX('[1]PROSES ENJEKSİYON'!$L:$L,MATCH(1,('[1]PROSES ENJEKSİYON'!$A:$A=$E$2)*('[1]PROSES ENJEKSİYON'!$F:$F=A12),0)),"")} | F12: {=IFERROR(INDEX('[1]PROSES ENJEKSİYON'!$L:$L,MATCH(1,('[1]PROSES ENJEKSİYON'!$A:$A=$F$2)*('[1]PROSES ENJEKSİYON'!$F:$F=A12),0)),"")} | G12: {=IFERROR(INDEX('[1]PROSES ENJEKSİYON'!$L:$L,MATCH(1,('[1]PROSES ENJEKSİYON'!$A:$A=$G$2)*('[1]PROSES ENJEKSİYON'!$F:$F=A12),0)),"")} | H12: {=IFERROR(INDEX('[1]PROSES ENJEKSİYON'!$G:$G,MATCH(1,('[1]PROSES ENJEKSİYON'!$A:$A=$H$2)*('[1]PROSES ENJEKSİYON'!$F:$F=A12),0)),"")} | I12: {=IFERROR(INDEX('[1]PROSES ENJEKSİYON'!$J:$J,MATCH(1,('[1]PROSES ENJEKSİYON'!$A:$A=$H$2)*('[1]PROSES ENJEKSİYON'!$F:$F=A12),0)),"")} | J12: {=IFERROR(INDEX('[1]PROSES ENJEKSİYON'!$K:$K,MATCH(1,('[1]PROSES ENJEKSİYON'!$A:$A=$H$2)*('[1]PROSES ENJEKSİYON'!$F:$F=A12),0)),"")} | K12: {=IFERROR(INDEX('[1]PROSES ENJEKSİYON'!$L:$L,MATCH(1,('[1]PROSES ENJEKSİYON'!$A:$A=$H$2)*('[1]PROSES ENJEKSİYON'!$F:$F=A12),0)),"")} | L12: {=IFERROR(INDEX('[1]PROSES ENJEKSİYON'!$G:$G,MATCH(1,('[1]PROSES ENJEKSİYON'!$A:$A=$L$2)*('[1]PROSES ENJEKSİYON'!$F:$F=A12),0)),"")} | M12: {=IFERROR(INDEX('[1]PROSES ENJEKSİYON'!$J:$J,MATCH(1,('[1]PROSES ENJEKSİYON'!$A:$A=$L$2)*('[1]PROSES ENJEKSİYON'!$F:$F=A12),0)),"")} | N12: {=IFERROR(INDEX('[1]PROSES ENJEKSİYON'!$K:$K,MATCH(1,('[1]PROSES ENJEKSİYON'!$A:$A=$L$2)*('[1]PROSES ENJEKSİYON'!$F:$F=A12),0)),"")} | O12: {=IFERROR(INDEX('[1]PROSES ENJEKSİYON'!$L:$L,MATCH(1,('[1]PROSES ENJEKSİYON'!$A:$A=$L$2)*('[1]PROSES ENJEKSİYON'!$F:$F=A12),0)),"")} | P12: {=IFERROR(INDEX('[1]PROSES ENJEKSİYON'!$G:$G,MATCH(1,('[1]PROSES ENJEKSİYON'!$A:$A=$P$2)*('[1]PROSES ENJEKSİYON'!$F:$F=A12),0)),"")} -> MM-PET0170-01-028Y-026 - PET0170-01 400ML SEFFAF YESIL 28MM YIVLI 26GR | Q12: {=IFERROR(INDEX('[1]PROSES ENJEKSİYON'!$J:$J,MATCH(1,('[1]PROSES ENJEKSİYON'!$A:$A=$P$2)*('[1]PROSES ENJEKSİYON'!$F:$F=A12),0)),"")} -> 4 | R12: {=IFERROR(INDEX('[1]PROSES ENJEKSİYON'!$K:$K,MATCH(1,('[1]PROSES ENJEKSİYON'!$A:$A=$P$2)*('[1]PROSES ENJEKSİYON'!$F:$F=A12),0)),"")} -> 4 | S12: {=IFERROR(INDEX('[1]PROSES ENJEKSİYON'!$L:$L,MATCH(1,('[1]PROSES ENJEKSİYON'!$A:$A=$P$2)*('[1]PROSES ENJEKSİYON'!$F:$F=A12),0)),"")} -> 14.05 | T12: {=IFERROR(INDEX('[1]PROSES ENJEKSİYON'!$G:$G,MATCH(1,('[1]PROSES ENJEKSİYON'!$A:$A=$T$2)*('[1]PROSES ENJEKSİYON'!$F:$F=A12),0)),"")} -> PET0170-01 400ML SEFFAF YESIL 28MM YIVLI 26GR | U12: {=IFERROR(INDEX('[1]PROSES ENJEKSİYON'!$J:$J,MATCH(1,('[1]PROSES ENJEKSİYON'!$A:$A=$T$2)*('[1]PROSES ENJEKSİYON'!$F:$F=A12),0)),"")} -> 4 | V12: {=IFERROR(INDEX('[1]PROSES ENJEKSİYON'!$K:$K,MATCH(1,('[1]PROSES ENJEKSİYON'!$A:$A=$T$2)*('[1]PROSES ENJEKSİYON'!$F:$F=A12),0)),"")} -> 4 | W12: {=IFERROR(INDEX('[1]PROSES ENJEKSİYON'!$L:$L,MATCH(1,('[1]PROSES ENJEKSİYON'!$A:$A=$T$2)*('[1]PROSES ENJEKSİYON'!$F:$F=A12),0)),"")} -> 14.05 | X12: {=IFERROR(INDEX('[1]PROSES ENJEKSİYON'!$G:$G,MATCH(1,('[1]PROSES ENJEKSİYON'!$A:$A=$X$2)*('[1]PROSES ENJEKSİYON'!$F:$F=A12),0)),"")} | Y12: {=IFERROR(INDEX('[1]PROSES ENJEKSİYON'!$J:$J,MATCH(1,('[1]PROSES ENJEKSİYON'!$A:$A=$X$2)*('[1]PROSES ENJEKSİYON'!$F:$F=A12),0)),"")} | Z12: {=IFERROR(INDEX('[1]PROSES ENJEKSİYON'!$K:$K,MATCH(1,('[1]PROSES ENJEKSİYON'!$A:$A=$X$2)*('[1]PROSES ENJEKSİYON'!$F:$F=A12),0)),"")} | AA12: {=IFERROR(INDEX('[1]PROSES ENJEKSİYON'!$L:$L,MATCH(1,('[1]PROSES ENJEKSİYON'!$A:$A=$X$2)*('[1]PROSES ENJEKSİYON'!$F:$F=A12),0)),"")} | AB12: {=IFERROR(INDEX('[1]PROSES ENJEKSİYON'!$G:$G,MATCH(1,('[1]PROSES ENJEKSİYON'!$A:$A=$AB$2)*('[1]PROSES ENJEKSİYON'!$F:$F=A12),0)),"")} | AC12: {=IFERROR(INDEX('[1]PROSES ENJEKSİYON'!$J:$J,MATCH(1,('[1]PROSES ENJEKSİYON'!$A:$A=$AB$2)*('[1]PROSES ENJEKSİYON'!$F:$F=M12),0)),"")} | AD12: {=IFERROR(INDEX('[1]PROSES ENJEKSİYON'!$K:$K,MATCH(1,('[1]PROSES ENJEKSİYON'!$A:$A=$AD$2)*('[1]PROSES ENJEKSİYON'!$F:$F=M12),0)),"")} | AE12: {=IFERROR(INDEX('[1]PROSES ENJEKSİYON'!$L:$L,MATCH(1,('[1]PROSES ENJEKSİYON'!$A:$A=$AB$2)*('[1]PROSES ENJEKSİYON'!$F:$F=A12),0)),"")}
A13: 401 | B13: {=IFERROR(INDEX('[1]PROSES ENJEKSİYON'!$L:$L, MATCH(1,('[1]PROSES ENJEKSİYON'!$A:$A=$B$2)*('[1]PROSES ENJEKSİYON'!$F:$F=A13),0)), "")} | C13: {=IFERROR(INDEX('[1]PROSES ENJEKSİYON'!$L:$L,MATCH(1,('[1]PROSES ENJEKSİYON'!$A:$A=$C$2)*('[1]PROSES ENJEKSİYON'!$F:$F=A13),0)),"")} -> 10.09 | D13: {=IFERROR(INDEX('[1]PROSES ENJEKSİYON'!$L:$L,MATCH(1,('[1]PROSES ENJEKSİYON'!$A:$A=$D$2)*('[1]PROSES ENJEKSİYON'!$F:$F=A13),0)),"")} | E13: {=IFERROR(INDEX('[1]PROSES ENJEKSİYON'!$L:$L,MATCH(1,('[1]PROSES ENJEKSİYON'!$A:$A=$E$2)*('[1]PROSES ENJEKSİYON'!$F:$F=A13),0)),"")} | F13: {=IFERROR(INDEX('[1]PROSES ENJEKSİYON'!$L:$L,MATCH(1,('[1]PROSES ENJEKSİYON'!$A:$A=$F$2)*('[1]PROSES ENJEKSİYON'!$F:$F=A13),0)),"")} | G13: {=IFERROR(INDEX('[1]PROSES ENJEKSİYON'!$L:$L,MATCH(1,('[1]PROSES ENJEKSİYON'!$A:$A=$G$2)*('[1]PROSES ENJEKSİYON'!$F:$F=A13),0)),"")} -> 8.3 | H13: {=IFERROR(INDEX('[1]PROSES ENJEKSİYON'!$G:$G,MATCH(1,('[1]PROSES ENJEKSİYON'!$A:$A=$H$2)*('[1]PROSES ENJEKSİYON'!$F:$F=A13),0)),"")} | I13: {=IFERROR(INDEX('[1]PROSES ENJEKSİYON'!$J:$J,MATCH(1,('[1]PROSES ENJEKSİYON'!$A:$A=$H$2)*('[1]PROSES ENJEKSİYON'!$F:$F=A13),0)),"")} | J13: {=IFERROR(INDEX('[1]PROSES ENJEKSİYON'!$K:$K,MATCH(1,('[1]PROSES ENJEKSİYON'!$A:$A=$H$2)*('[1]PROSES ENJEKSİYON'!$F:$F=A13),0)),"")} | K13: {=IFERROR(INDEX('[1]PROSES ENJEKSİYON'!$L:$L,MATCH(1,('[1]PROSES ENJEKSİYON'!$A:$A=$H$2)*('[1]PROSES ENJEKSİYON'!$F:$F=A13),0)),"")} | L13: {=IFERROR(INDEX('[1]PROSES ENJEKSİYON'!$G:$G,MATCH(1,('[1]PROSES ENJEKSİYON'!$A:$A=$L$2)*('[1]PROSES ENJEKSİYON'!$F:$F=A13),0)),"")} | M13: {=IFERROR(INDEX('[1]PROSES ENJEKSİYON'!$J:$J,MATCH(1,('[1]PROSES ENJEKSİYON'!$A:$A=$L$2)*('[1]PROSES ENJEKSİYON'!$F:$F=A13),0)),"")} | N13: {=IFERROR(INDEX('[1]PROSES ENJEKSİYON'!$K:$K,MATCH(1,('[1]PROSES ENJEKSİYON'!$A:$A=$L$2)*('[1]PROSES ENJEKSİYON'!$F:$F=A13),0)),"")} | O13: {=IFERROR(INDEX('[1]PROSES ENJEKSİYON'!$L:$L,MATCH(1,('[1]PROSES ENJEKSİYON'!$A:$A=$L$2)*('[1]PROSES ENJEKSİYON'!$F:$F=A13),0)),"")} | P13: {=IFERROR(INDEX('[1]PROSES ENJEKSİYON'!$G:$G,MATCH(1,('[1]PROSES ENJEKSİYON'!$A:$A=$P$2)*('[1]PROSES ENJEKSİYON'!$F:$F=A13),0)),"")} | Q13: {=IFERROR(INDEX('[1]PROSES ENJEKSİYON'!$J:$J,MATCH(1,('[1]PROSES ENJEKSİYON'!$A:$A=$P$2)*('[1]PROSES ENJEKSİYON'!$F:$F=A13),0)),"")} | R13: {=IFERROR(INDEX('[1]PROSES ENJEKSİYON'!$K:$K,MATCH(1,('[1]PROSES ENJEKSİYON'!$A:$A=$P$2)*('[1]PROSES ENJEKSİYON'!$F:$F=A13),0)),"")} | S13: {=IFERROR(INDEX('[1]PROSES ENJEKSİYON'!$L:$L,MATCH(1,('[1]PROSES ENJEKSİYON'!$A:$A=$P$2)*('[1]PROSES ENJEKSİYON'!$F:$F=A13),0)),"")} | T13: {=IFERROR(INDEX('[1]PROSES ENJEKSİYON'!$G:$G,MATCH(1,('[1]PROSES ENJEKSİYON'!$A:$A=$T$2)*('[1]PROSES ENJEKSİYON'!$F:$F=A13),0)),"")} | U13: {=IFERROR(INDEX('[1]PROSES ENJEKSİYON'!$J:$J,MATCH(1,('[1]PROSES ENJEKSİYON'!$A:$A=$T$2)*('[1]PROSES ENJEKSİYON'!$F:$F=A13),0)),"")} | V13: {=IFERROR(INDEX('[1]PROSES ENJEKSİYON'!$K:$K,MATCH(1,('[1]PROSES ENJEKSİYON'!$A:$A=$T$2)*('[1]PROSES ENJEKSİYON'!$F:$F=A13),0)),"")} | W13: {=IFERROR(INDEX('[1]PROSES ENJEKSİYON'!$L:$L,MATCH(1,('[1]PROSES ENJEKSİYON'!$A:$A=$T$2)*('[1]PROSES ENJEKSİYON'!$F:$F=A13),0)),"")} | X13: {=IFERROR(INDEX('[1]PROSES ENJEKSİYON'!$G:$G,MATCH(1,('[1]PROSES ENJEKSİYON'!$A:$A=$X$2)*('[1]PROSES ENJEKSİYON'!$F:$F=A13),0)),"")} | Y13: {=IFERROR(INDEX('[1]PROSES ENJEKSİYON'!$J:$J,MATCH(1,('[1]PROSES ENJEKSİYON'!$A:$A=$X$2)*('[1]PROSES ENJEKSİYON'!$F:$F=A13),0)),"")} | Z13: {=IFERROR(INDEX('[1]PROSES ENJEKSİYON'!$K:$K,MATCH(1,('[1]PROSES ENJEKSİYON'!$A:$A=$X$2)*('[1]PROSES ENJEKSİYON'!$F:$F=A13),0)),"")} | AA13: {=IFERROR(INDEX('[1]PROSES ENJEKSİYON'!$L:$L,MATCH(1,('[1]PROSES ENJEKSİYON'!$A:$A=$X$2)*('[1]PROSES ENJEKSİYON'!$F:$F=A13),0)),"")} | AB13: {=IFERROR(INDEX('[1]PROSES ENJEKSİYON'!$G:$G,MATCH(1,('[1]PROSES ENJEKSİYON'!$A:$A=$AB$2)*('[1]PROSES ENJEKSİYON'!$F:$F=A13),0)),"")} | AC13: {=IFERROR(INDEX('[1]PROSES ENJEKSİYON'!$J:$J,MATCH(1,('[1]PROSES ENJEKSİYON'!$A:$A=$AB$2)*('[1]PROSES ENJEKSİYON'!$F:$F=M13),0)),"")} | AD13: {=IFERROR(INDEX('[1]PROSES ENJEKSİYON'!$K:$K,MATCH(1,('[1]PROSES ENJEKSİYON'!$A:$A=$AD$2)*('[1]PROSES ENJEKSİYON'!$F:$F=M13),0)),"")} | AE13: {=IFERROR(INDEX('[1]PROSES ENJEKSİYON'!$L:$L,MATCH(1,('[1]PROSES ENJEKSİYON'!$A:$A=$AB$2)*('[1]PROSES ENJEKSİYON'!$F:$F=A13),0)),"")}
A14: 402 | B14: {=IFERROR(INDEX('[1]PROSES ENJEKSİYON'!$L:$L, MATCH(1,('[1]PROSES ENJEKSİYON'!$A:$A=$B$2)*('[1]PROSES ENJEKSİYON'!$F:$F=A14),0)), "")} | C14: {=IFERROR(INDEX('[1]PROSES ENJEKSİYON'!$L:$L,MATCH(1,('[1]PROSES ENJEKSİYON'!$A:$A=$C$2)*('[1]PROSES ENJEKSİYON'!$F:$F=A14),0)),"")} | D14: {=IFERROR(INDEX('[1]PROSES ENJEKSİYON'!$L:$L,MATCH(1,('[1]PROSES ENJEKSİYON'!$A:$A=$D$2)*('[1]PROSES ENJEKSİYON'!$F:$F=A14),0)),"")} | E14: {=IFERROR(INDEX('[1]PROSES ENJEKSİYON'!$L:$L,MATCH(1,('[1]PROSES ENJEKSİYON'!$A:$A=$E$2)*('[1]PROSES ENJEKSİYON'!$F:$F=A14),0)),"")} | F14: {=IFERROR(INDEX('[1]PROSES ENJEKSİYON'!$L:$L,MATCH(1,('[1]PROSES ENJEKSİYON'!$A:$A=$F$2)*('[1]PROSES ENJEKSİYON'!$F:$F=A14),0)),"")} | G14: {=IFERROR(INDEX('[1]PROSES ENJEKSİYON'!$L:$L,MATCH(1,('[1]PROSES ENJEKSİYON'!$A:$A=$G$2)*('[1]PROSES ENJEKSİYON'!$F:$F=A14),0)),"")} | H14: {=IFERROR(INDEX('[1]PROSES ENJEKSİYON'!$G:$G,MATCH(1,('[1]PROSES ENJEKSİYON'!$A:$A=$H$2)*('[1]PROSES ENJEKSİYON'!$F:$F=A14),0)),"")} -> BLW0011-01 1500ML OPAK BEYAZ 38MM YIVLI 74GR | I14: {=IFERROR(INDEX('[1]PROSES ENJEKSİYON'!$J:$J,MATCH(1,('[1]PROSES ENJEKSİYON'!$A:$A=$H$2)*('[1]PROSES ENJEKSİYON'!$F:$F=A14),0)),"")} -> 2 | J14: {=IFERROR(INDEX('[1]PROSES ENJEKSİYON'!$K:$K,MATCH(1,('[1]PROSES ENJEKSİYON'!$A:$A=$H$2)*('[1]PROSES ENJEKSİYON'!$F:$F=A14),0)),"")} -> 2 | K14: {=IFERROR(INDEX('[1]PROSES ENJEKSİYON'!$L:$L,MATCH(1,('[1]PROSES ENJEKSİYON'!$A:$A=$H$2)*('[1]PROSES ENJEKSİYON'!$F:$F=A14),0)),"")} -> 8.5 | L14: {=IFERROR(INDEX('[1]PROSES ENJEKSİYON'!$G:$G,MATCH(1,('[1]PROSES ENJEKSİYON'!$A:$A=$L$2)*('[1]PROSES ENJEKSİYON'!$F:$F=A14),0)),"")} | M14: {=IFERROR(INDEX('[1]PROSES ENJEKSİYON'!$J:$J,MATCH(1,('[1]PROSES ENJEKSİYON'!$A:$A=$L$2)*('[1]PROSES ENJEKSİYON'!$F:$F=A14),0)),"")} | N14: {=IFERROR(INDEX('[1]PROSES ENJEKSİYON'!$K:$K,MATCH(1,('[1]PROSES ENJEKSİYON'!$A:$A=$L$2)*('[1]PROSES ENJEKSİYON'!$F:$F=A14),0)),"")} | O14: {=IFERROR(INDEX('[1]PROSES ENJEKSİYON'!$L:$L,MATCH(1,('[1]PROSES ENJEKSİYON'!$A:$A=$L$2)*('[1]PROSES ENJEKSİYON'!$F:$F=A14),0)),"")} | P14: {=IFERROR(INDEX('[1]PROSES ENJEKSİYON'!$G:$G,MATCH(1,('[1]PROSES ENJEKSİYON'!$A:$A=$P$2)*('[1]PROSES ENJEKSİYON'!$F:$F=A14),0)),"")} | Q14: {=IFERROR(INDEX('[1]PROSES ENJEKSİYON'!$J:$J,MATCH(1,('[1]PROSES ENJEKSİYON'!$A:$A=$P$2)*('[1]PROSES ENJEKSİYON'!$F:$F=A14),0)),"")} | R14: {=IFERROR(INDEX('[1]PROSES ENJEKSİYON'!$K:$K,MATCH(1,('[1]PROSES ENJEKSİYON'!$A:$A=$P$2)*('[1]PROSES ENJEKSİYON'!$F:$F=A14),0)),"")} | S14: {=IFERROR(INDEX('[1]PROSES ENJEKSİYON'!$L:$L,MATCH(1,('[1]PROSES ENJEKSİYON'!$A:$A=$P$2)*('[1]PROSES ENJEKSİYON'!$F:$F=A14),0)),"")} | T14: {=IFERROR(INDEX('[1]PROSES ENJEKSİYON'!$G:$G,MATCH(1,('[1]PROSES ENJEKSİYON'!$A:$A=$T$2)*('[1]PROSES ENJEKSİYON'!$F:$F=A14),0)),"")} | U14: {=IFERROR(INDEX('[1]PROSES ENJEKSİYON'!$J:$J,MATCH(1,('[1]PROSES ENJEKSİYON'!$A:$A=$T$2)*('[1]PROSES ENJEKSİYON'!$F:$F=A14),0)),"")} | V14: {=IFERROR(INDEX('[1]PROSES ENJEKSİYON'!$K:$K,MATCH(1,('[1]PROSES ENJEKSİYON'!$A:$A=$T$2)*('[1]PROSES ENJEKSİYON'!$F:$F=A14),0)),"")} | W14: {=IFERROR(INDEX('[1]PROSES ENJEKSİYON'!$L:$L,MATCH(1,('[1]PROSES ENJEKSİYON'!$A:$A=$T$2)*('[1]PROSES ENJEKSİYON'!$F:$F=A14),0)),"")} | X14: {=IFERROR(INDEX('[1]PROSES ENJEKSİYON'!$G:$G,MATCH(1,('[1]PROSES ENJEKSİYON'!$A:$A=$X$2)*('[1]PROSES ENJEKSİYON'!$F:$F=A14),0)),"")} | Y14: {=IFERROR(INDEX('[1]PROSES ENJEKSİYON'!$J:$J,MATCH(1,('[1]PROSES ENJEKSİYON'!$A:$A=$X$2)*('[1]PROSES ENJEKSİYON'!$F:$F=A14),0)),"")} | Z14: {=IFERROR(INDEX('[1]PROSES ENJEKSİYON'!$K:$K,MATCH(1,('[1]PROSES ENJEKSİYON'!$A:$A=$X$2)*('[1]PROSES ENJEKSİYON'!$F:$F=A14),0)),"")} | AA14: {=IFERROR(INDEX('[1]PROSES ENJEKSİYON'!$L:$L,MATCH(1,('[1]PROSES ENJEKSİYON'!$A:$A=$X$2)*('[1]PROSES ENJEKSİYON'!$F:$F=A14),0)),"")} | AB14: {=IFERROR(INDEX('[1]PROSES ENJEKSİYON'!$G:$G,MATCH(1,('[1]PROSES ENJEKSİYON'!$A:$A=$AB$2)*('[1]PROSES ENJEKSİYON'!$F:$F=A14),0)),"")} | AC14: {=IFERROR(INDEX('[1]PROSES ENJEKSİYON'!$J:$J,MATCH(1,('[1]PROSES ENJEKSİYON'!$A:$A=$AB$2)*('[1]PROSES ENJEKSİYON'!$F:$F=M14),0)),"")} | AD14: {=IFERROR(INDEX('[1]PROSES ENJEKSİYON'!$K:$K,MATCH(1,('[1]PROSES ENJEKSİYON'!$A:$A=$AD$2)*('[1]PROSES ENJEKSİYON'!$F:$F=M14),0)),"")} | AE14: {=IFERROR(INDEX('[1]PROSES ENJEKSİYON'!$L:$L,MATCH(1,('[1]PROSES ENJEKSİYON'!$A:$A=$AB$2)*('[1]PROSES ENJEKSİYON'!$F:$F=A14),0)),"")}
... A47: 502 | B47: {=IFERROR(INDEX('[1]PROSES ENJEKSİYON'!$L:$L, MATCH(1,('[1]PROSES ENJEKSİYON'!$A:$A=$B$2)*('[1]PROSES ENJEKSİYON'!$F:$F=A47),0)), "")} | C47: {=IFERROR(INDEX('[1]PROSES ENJEKSİYON'!$L:$L,MATCH(1,('[1]PROSES ENJEKSİYON'!$A:$A=$C$2)*('[1]PROSES ENJEKSİYON'!$F:$F=A47),0)),"")} | D47: {=IFERROR(INDEX('[1]PROSES ENJEKSİYON'!$L:$L,MATCH(1,('[1]PROSES ENJEKSİYON'!$A:$A=$D$2)*('[1]PROSES ENJEKSİYON'!$F:$F=A47),0)),"")} | E47: {=IFERROR(INDEX('[1]PROSES ENJEKSİYON'!$L:$L,MATCH(1,('[1]PROSES ENJEKSİYON'!$A:$A=$E$2)*('[1]PROSES ENJEKSİYON'!$F:$F=A47),0)),"")} | F47: {=IFERROR(INDEX('[1]PROSES ENJEKSİYON'!$L:$L,MATCH(1,('[1]PROSES ENJEKSİYON'!$A:$A=$F$2)*('[1]PROSES ENJEKSİYON'!$F:$F=A47),0)),"")} | G47: {=IFERROR(INDEX('[1]PROSES ENJEKSİYON'!$L:$L,MATCH(1,('[1]PROSES ENJEKSİYON'!$A:$A=$G$2)*('[1]PROSES ENJEKSİYON'!$F:$F=A47),0)),"")} | H47: {=IFERROR(INDEX('[1]PROSES ENJEKSİYON'!$G:$G,MATCH(1,('[1]PROSES ENJEKSİYON'!$A:$A=$H$2)*('[1]PROSES ENJEKSİYON'!$F:$F=A47),0)),"")} -> EBM0006-01 265ML OPAK BEYAZ 38MM YIVLI 30GR | I47: {=IFERROR(INDEX('[1]PROSES ENJEKSİYON'!$J:$J,MATCH(1,('[1]PROSES ENJEKSİYON'!$A:$A=$H$2)*('[1]PROSES ENJEKSİYON'!$F:$F=A47),0)),"")} -> 0 | J47: {=IFERROR(INDEX('[1]PROSES ENJEKSİYON'!$K:$K,MATCH(1,('[1]PROSES ENJEKSİYON'!$A:$A=$H$2)*('[1]PROSES ENJEKSİYON'!$F:$F=A47),0)),"")} -> 0 | K47: {=IFERROR(INDEX('[1]PROSES ENJEKSİYON'!$L:$L,MATCH(1,('[1]PROSES ENJEKSİYON'!$A:$A=$H$2)*('[1]PROSES ENJEKSİYON'!$F:$F=A47),0)),"")} -> 0 | L47: {=IFERROR(INDEX('[1]PROSES ENJEKSİYON'!$G:$G,MATCH(1,('[1]PROSES ENJEKSİYON'!$A:$A=$L$2)*('[1]PROSES ENJEKSİYON'!$F:$F=A47),0)),"")} | M47: {=IFERROR(INDEX('[1]PROSES ENJEKSİYON'!$J:$J,MATCH(1,('[1]PROSES ENJEKSİYON'!$A:$A=$L$2)*('[1]PROSES ENJEKSİYON'!$F:$F=A47),0)),"")} | N47: {=IFERROR(INDEX('[1]PROSES ENJEKSİYON'!$K:$K,MATCH(1,('[1]PROSES ENJEKSİYON'!$A:$A=$L$2)*('[1]PROSES ENJEKSİYON'!$F:$F=A47),0)),"")} | O47: {=IFERROR(INDEX('[1]PROSES ENJEKSİYON'!$L:$L,MATCH(1,('[1]PROSES ENJEKSİYON'!$A:$A=$L$2)*('[1]PROSES ENJEKSİYON'!$F:$F=A47),0)),"")} | P47: {=IFERROR(INDEX('[1]PROSES ENJEKSİYON'!$G:$G,MATCH(1,('[1]PROSES ENJEKSİYON'!$A:$A=$P$2)*('[1]PROSES ENJEKSİYON'!$F:$F=A47),0)),"")} | Q47: {=IFERROR(INDEX('[1]PROSES ENJEKSİYON'!$J:$J,MATCH(1,('[1]PROSES ENJEKSİYON'!$A:$A=$P$2)*('[1]PROSES ENJEKSİYON'!$F:$F=A47),0)),"")} | R47: {=IFERROR(INDEX('[1]PROSES ENJEKSİYON'!$K:$K,MATCH(1,('[1]PROSES ENJEKSİYON'!$A:$A=$P$2)*('[1]PROSES ENJEKSİYON'!$F:$F=A47),0)),"")} | S47: {=IFERROR(INDEX('[1]PROSES ENJEKSİYON'!$L:$L,MATCH(1,('[1]PROSES ENJEKSİYON'!$A:$A=$P$2)*('[1]PROSES ENJEKSİYON'!$F:$F=A47),0)),"")} | T47: {=IFERROR(INDEX('[1]PROSES ENJEKSİYON'!$G:$G,MATCH(1,('[1]PROSES ENJEKSİYON'!$A:$A=$T$2)*('[1]PROSES ENJEKSİYON'!$F:$F=A47),0)),"")} | U47: {=IFERROR(INDEX('[1]PROSES ENJEKSİYON'!$J:$J,MATCH(1,('[1]PROSES ENJEKSİYON'!$A:$A=$T$2)*('[1]PROSES ENJEKSİYON'!$F:$F=A47),0)),"")} | V47: {=IFERROR(INDEX('[1]PROSES ENJEKSİYON'!$K:$K,MATCH(1,('[1]PROSES ENJEKSİYON'!$A:$A=$T$2)*('[1]PROSES ENJEKSİYON'!$F:$F=A47),0)),"")} | W47: {=IFERROR(INDEX('[1]PROSES ENJEKSİYON'!$L:$L,MATCH(1,('[1]PROSES ENJEKSİYON'!$A:$A=$T$2)*('[1]PROSES ENJEKSİYON'!$F:$F=A47),0)),"")} | X47: {=IFERROR(INDEX('[1]PROSES ENJEKSİYON'!$G:$G,MATCH(1,('[1]PROSES ENJEKSİYON'!$A:$A=$X$2)*('[1]PROSES ENJEKSİYON'!$F:$F=A47),0)),"")} | Y47: {=IFERROR(INDEX('[1]PROSES ENJEKSİYON'!$J:$J,MATCH(1,('[1]PROSES ENJEKSİYON'!$A:$A=$X$2)*('[1]PROSES ENJEKSİYON'!$F:$F=A47),0)),"")} | Z47: {=IFERROR(INDEX('[1]PROSES ENJEKSİYON'!$K:$K,MATCH(1,('[1]PROSES ENJEKSİYON'!$A:$A=$X$2)*('[1]PROSES ENJEKSİYON'!$F:$F=A47),0)),"")} | AA47: {=IFERROR(INDEX('[1]PROSES ENJEKSİYON'!$L:$L,MATCH(1,('[1]PROSES ENJEKSİYON'!$A:$A=$X$2)*('[1]PROSES ENJEKSİYON'!$F:$F=A47),0)),"")} | AB47: {=IFERROR(INDEX('[1]PROSES ENJEKSİYON'!$G:$G,MATCH(1,('[1]PROSES ENJEKSİYON'!$A:$A=$AB$2)*('[1]PROSES ENJEKSİYON'!$F:$F=A47),0)),"")} | AC47: {=IFERROR(INDEX('[1]PROSES ENJEKSİYON'!$J:$J,MATCH(1,('[1]PROSES ENJEKSİYON'!$A:$A=$AB$2)*('[1]PROSES ENJEKSİYON'!$F:$F=M47),0)),"")} | AD47: {=IFERROR(INDEX('[1]PROSES ENJEKSİYON'!$K:$K,MATCH(1,('[1]PROSES ENJEKSİYON'!$A:$A=$AD$2)*('[1]PROSES ENJEKSİYON'!$F:$F=M47),0)),"")} | AE47: {=IFERROR(INDEX('[1]PROSES ENJEKSİYON'!$L:$L,MATCH(1,('[1]PROSES ENJEKSİYON'!$A:$A=$AB$2)*('[1]PROSES ENJEKSİYON'!$F:$F=A47),0)),"")}
H49: PAZARTESİ | L49: SALI | P49: ÇARŞAMBA | T49: PERŞEMBE | X49: CUMA | AB49: CUMARTESİ
A50: Makine Adı | B50: 45936 | C50: 45937 | D50: 45938 | E50: 45939 | F50: 45940 | G50: 45941 | H50: 46020 | I50: Toplam Göz Sayısı (ad) | J50: Çalışan Göz Sayısı (ad) | K50: Çevrim Süresi (sn) | L50: 46007 | M50: Toplam Göz Sayısı (ad) | N50: Çalışan Göz Sayısı (ad) | O50: Çevrim Süresi (sn) | P50: 46008 | Q50: Toplam Göz Sayısı (ad) | R50: Çalışan Göz Sayısı (ad) | S50: Çevrim Süresi (sn) | T50: 46009 | U50: Toplam Göz Sayısı (ad) | V50: Çalışan Göz Sayısı (ad) | W50: Çevrim Süresi (sn) | X50: 46010 | Y50: Toplam Göz Sayısı (ad) | Z50: Çalışan Göz Sayısı (ad) | AA50: Çevrim Süresi (sn) | AB50: 46011 | AC50: Toplam Göz Sayısı (ad) | AD50: Çalışan Göz Sayısı (ad) | AE50: Çevrim Süresi (sn)
A51: 101 | H51: {=IFERROR(INDEX('[1]PROSES ENJEKSİYON'!$G:$G,MATCH(1,('[1]PROSES ENJEKSİYON'!$A:$A=$H$2)*('[1]PROSES ENJEKSİYON'!$F:$F=A51),0)),"")} -> PET0238-03 450ML SEFFAF UV 28MM CAKMA 33GR | I51: {=IFERROR(INDEX('[1]PROSES ENJEKSİYON'!$J:$J,MATCH(1,('[1]PROSES ENJEKSİYON'!$A:$A=$H$2)*('[1]PROSES ENJEKSİYON'!$F:$F=A51),0)),"")} -> 4 | J51: {=IFERROR(INDEX('[1]PROSES ENJEKSİYON'!$K:$K,MATCH(1,('[1]PROSES ENJEKSİYON'!$A:$A=$H$2)*('[1]PROSES ENJEKSİYON'!$F:$F=A51),0)),"")} -> 4 | K51: {=IFERROR(INDEX('[1]PROSES ENJEKSİYON'!$L:$L,MATCH(1,('[1]PROSES ENJEKSİYON'!$A:$A=$H$2)*('[1]PROSES ENJEKSİYON'!$F:$F=A51),0)),"")} -> 17.96 | L51: {=IFERROR(INDEX('[1]PROSES ENJEKSİYON'!$G:$G,MATCH(1,('[1]PROSES ENJEKSİYON'!$A:$A=$H$2)*('[1]PROSES ENJEKSİYON'!$F:$F=E51),0)),"")} | M51: {=IFERROR(INDEX('[1]PROSES ENJEKSİYON'!$J:$J,MATCH(1,('[1]PROSES ENJEKSİYON'!$A:$A=$H$2)*('[1]PROSES ENJEKSİYON'!$F:$F=E51),0)),"")} | N51: {=IFERROR(INDEX('[1]PROSES ENJEKSİYON'!$K:$K,MATCH(1,('[1]PROSES ENJEKSİYON'!$A:$A=$H$2)*('[1]PROSES ENJEKSİYON'!$F:$F=E51),0)),"")} | O51: {=IFERROR(INDEX('[1]PROSES ENJEKSİYON'!$L:$L,MATCH(1,('[1]PROSES ENJEKSİYON'!$A:$A=$H$2)*('[1]PROSES ENJEKSİYON'!$F:$F=E51),0)),"")} | P51: {=IFERROR(INDEX('[1]PROSES ENJEKSİYON'!$G:$G,MATCH(1,('[1]PROSES ENJEKSİYON'!$A:$A=$P$2)*('[1]PROSES ENJEKSİYON'!$F:$F=A51),0)),"")} | Q51: {=IFERROR(INDEX('[1]PROSES ENJEKSİYON'!$J:$J,MATCH(1,('[1]PROSES ENJEKSİYON'!$A:$A=$P$2)*('[1]PROSES ENJEKSİYON'!$F:$F=A51),0)),"")} | R51: {=IFERROR(INDEX('[1]PROSES ENJEKSİYON'!$K:$K,MATCH(1,('[1]PROSES ENJEKSİYON'!$A:$A=$P$2)*('[1]PROSES ENJEKSİYON'!$F:$F=A51),0)),"")} | S51: {=IFERROR(INDEX('[1]PROSES ENJEKSİYON'!$L:$L,MATCH(1,('[1]PROSES ENJEKSİYON'!$A:$A=$P$2)*('[1]PROSES ENJEKSİYON'!$F:$F=A51),0)),"")} | T51: {=IFERROR(INDEX('[1]PROSES ENJEKSİYON'!$G:$G,MATCH(1,('[1]PROSES ENJEKSİYON'!$A:$A=$T$2)*('[1]PROSES ENJEKSİYON'!$F:$F=A51),0)),"")} -> PET0003-01 500ML SEFFAF SEFFAF 28MM YIVLI 29GR | U51: {=IFERROR(INDEX('[1]PROSES ENJEKSİYON'!$J:$J,MATCH(1,('[1]PROSES ENJEKSİYON'!$A:$A=$T$2)*('[1]PROSES ENJEKSİYON'!$F:$F=A51),0)),"")} -> 4 | V51: {=IFERROR(INDEX('[1]PROSES ENJEKSİYON'!$K:$K,MATCH(1,('[1]PROSES ENJEKSİYON'!$A:$A=$T$2)*('[1]PROSES ENJEKSİYON'!$F:$F=A51),0)),"")} -> 4 | W51: {=IFERROR(INDEX('[1]PROSES ENJEKSİYON'!$L:$L,MATCH(1,('[1]PROSES ENJEKSİYON'!$A:$A=$T$2)*('[1]PROSES ENJEKSİYON'!$F:$F=A51),0)),"")} -> 13.2 | X51: {=IFERROR(INDEX('[1]PROSES ENJEKSİYON'!$G:$G,MATCH(1,('[1]PROSES ENJEKSİYON'!$A:$A=$X$2)*('[1]PROSES ENJEKSİYON'!$F:$F=A51),0)),"")} | Y51: {=IFERROR(INDEX('[1]PROSES ENJEKSİYON'!$J:$J,MATCH(1,('[1]PROSES ENJEKSİYON'!$A:$A=$X$2)*('[1]PROSES ENJEKSİYON'!$F:$F=A51),0)),"")} | Z51: {=IFERROR(INDEX('[1]PROSES ENJEKSİYON'!$K:$K,MATCH(1,('[1]PROSES ENJEKSİYON'!$A:$A=$X$2)*('[1]PROSES ENJEKSİYON'!$F:$F=A51),0)),"")} | AA51: {=IFERROR(INDEX('[1]PROSES ENJEKSİYON'!$L:$L,MATCH(1,('[1]PROSES ENJEKSİYON'!$A:$A=$X$2)*('[1]PROSES ENJEKSİYON'!$F:$F=A51),0)),"")} | AB51: {=IFERROR(INDEX('[1]PROSES ENJEKSİYON'!$G:$G,MATCH(1,('[1]PROSES ENJEKSİYON'!$A:$A=$H$2)*('[1]PROSES ENJEKSİYON'!$F:$F=U51),0)),"")} | AC51: {=IFERROR(INDEX('[1]PROSES ENJEKSİYON'!$J:$J,MATCH(1,('[1]PROSES ENJEKSİYON'!$A:$A=$H$2)*('[1]PROSES ENJEKSİYON'!$F:$F=U51),0)),"")} | AD51: {=IFERROR(INDEX('[1]PROSES ENJEKSİYON'!$K:$K,MATCH(1,('[1]PROSES ENJEKSİYON'!$A:$A=$H$2)*('[1]PROSES ENJEKSİYON'!$F:$F=U51),0)),"")} | AE51: {=IFERROR(INDEX('[1]PROSES ENJEKSİYON'!$L:$L,MATCH(1,('[1]PROSES ENJEKSİYON'!$A:$A=$H$2)*('[1]PROSES ENJEKSİYON'!$F:$F=U51),0)),"")}
A52: 102 | H52: {=IFERROR(INDEX('[1]PROSES ENJEKSİYON'!$G:$G,MATCH(1,('[1]PROSES ENJEKSİYON'!$A:$A=$H$2)*('[1]PROSES ENJEKSİYON'!$F:$F=A52),0)),"")} -> PET0011-03 150ML SEFFAF SEFFAF 24MM YIVLI 20GR | I52: {=IFERROR(INDEX('[1]PROSES ENJEKSİYON'!$J:$J,MATCH(1,('[1]PROSES ENJEKSİYON'!$A:$A=$H$2)*('[1]PROSES ENJEKSİYON'!$F:$F=A52),0)),"")} -> 9 | J52: {=IFERROR(INDEX('[1]PROSES ENJEKSİYON'!$K:$K,MATCH(1,('[1]PROSES ENJEKSİYON'!$A:$A=$H$2)*('[1]PROSES ENJEKSİYON'!$F:$F=A52),0)),"")} -> 8 | K52: {=IFERROR(INDEX('[1]PROSES ENJEKSİYON'!$L:$L,MATCH(1,('[1]PROSES ENJEKSİYON'!$A:$A=$H$2)*('[1]PROSES ENJEKSİYON'!$F:$F=A52),0)),"")} -> 12.2 | L52: {=IFERROR(INDEX('[1]PROSES ENJEKSİYON'!$G:$G,MATCH(1,('[1]PROSES ENJEKSİYON'!$A:$A=$L$2)*('[1]PROSES ENJEKSİYON'!$F:$F=A52),0)),"")} | M52: {=IFERROR(INDEX('[1]PROSES ENJEKSİYON'!$J:$J,MATCH(1,('[1]PROSES ENJEKSİYON'!$A:$A=$L$2)*('[1]PROSES ENJEKSİYON'!$F:$F=A52),0)),"")} | N52: {=IFERROR(INDEX('[1]PROSES ENJEKSİYON'!$K:$K,MATCH(1,('[1]PROSES ENJEKSİYON'!$A:$A=$L$2)*('[1]PROSES ENJEKSİYON'!$F:$F=A52),0)),"")} | O52: {=IFERROR(INDEX('[1]PROSES ENJEKSİYON'!$L:$L,MATCH(1,('[1]PROSES ENJEKSİYON'!$A:$A=$L$2)*('[1]PROSES ENJEKSİYON'!$F:$F=A52),0)),"")} | P52: {=IFERROR(INDEX('[1]PROSES ENJEKSİYON'!$G:$G,MATCH(1,('[1]PROSES ENJEKSİYON'!$A:$A=$P$2)*('[1]PROSES ENJEKSİYON'!$F:$F=A52),0)),"")} | Q52: {=IFERROR(INDEX('[1]PROSES ENJEKSİYON'!$J:$J,MATCH(1,('[1]PROSES ENJEKSİYON'!$A:$A=$P$2)*('[1]PROSES ENJEKSİYON'!$F:$F=A52),0)),"")} | R52: {=IFERROR(INDEX('[1]PROSES ENJEKSİYON'!$K:$K,MATCH(1,('[1]PROSES ENJEKSİYON'!$A:$A=$P$2)*('[1]PROSES ENJEKSİYON'!$F:$F=A52),0)),"")} | S52: {=IFERROR(INDEX('[1]PROSES ENJEKSİYON'!$L:$L,MATCH(1,('[1]PROSES ENJEKSİYON'!$A:$A=$P$2)*('[1]PROSES ENJEKSİYON'!$F:$F=A52),0)),"")} | T52: {=IFERROR(INDEX('[1]PROSES ENJEKSİYON'!$G:$G,MATCH(1,('[1]PROSES ENJEKSİYON'!$A:$A=$T$2)*('[1]PROSES ENJEKSİYON'!$F:$F=A52),0)),"")} | U52: {=IFERROR(INDEX('[1]PROSES ENJEKSİYON'!$J:$J,MATCH(1,('[1]PROSES ENJEKSİYON'!$A:$A=$T$2)*('[1]PROSES ENJEKSİYON'!$F:$F=A52),0)),"")} | V52: {=IFERROR(INDEX('[1]PROSES ENJEKSİYON'!$K:$K,MATCH(1,('[1]PROSES ENJEKSİYON'!$A:$A=$T$2)*('[1]PROSES ENJEKSİYON'!$F:$F=A52),0)),"")} | W52: {=IFERROR(INDEX('[1]PROSES ENJEKSİYON'!$L:$L,MATCH(1,('[1]PROSES ENJEKSİYON'!$A:$A=$T$2)*('[1]PROSES ENJEKSİYON'!$F:$F=A52),0)),"")} | X52: {=IFERROR(INDEX('[1]PROSES ENJEKSİYON'!$G:$G,MATCH(1,('[1]PROSES ENJEKSİYON'!$A:$A=$X$2)*('[1]PROSES ENJEKSİYON'!$F:$F=A52),0)),"")} | Y52: {=IFERROR(INDEX('[1]PROSES ENJEKSİYON'!$J:$J,MATCH(1,('[1]PROSES ENJEKSİYON'!$A:$A=$X$2)*('[1]PROSES ENJEKSİYON'!$F:$F=A52),0)),"")} | Z52: {=IFERROR(INDEX('[1]PROSES ENJEKSİYON'!$K:$K,MATCH(1,('[1]PROSES ENJEKSİYON'!$A:$A=$X$2)*('[1]PROSES ENJEKSİYON'!$F:$F=A52),0)),"")} | AA52: {=IFERROR(INDEX('[1]PROSES ENJEKSİYON'!$L:$L,MATCH(1,('[1]PROSES ENJEKSİYON'!$A:$A=$X$2)*('[1]PROSES ENJEKSİYON'!$F:$F=A52),0)),"")} | AB52: {=IFERROR(INDEX('[1]PROSES ENJEKSİYON'!$G:$G,MATCH(1,('[1]PROSES ENJEKSİYON'!$A:$A=$H$2)*('[1]PROSES ENJEKSİYON'!$F:$F=U52),0)),"")} | AC52: {=IFERROR(INDEX('[1]PROSES ENJEKSİYON'!$J:$J,MATCH(1,('[1]PROSES ENJEKSİYON'!$A:$A=$H$2)*('[1]PROSES ENJEKSİYON'!$F:$F=U52),0)),"")} | AD52: {=IFERROR(INDEX('[1]PROSES ENJEKSİYON'!$K:$K,MATCH(1,('[1]PROSES ENJEKSİYON'!$A:$A=$H$2)*('[1]PROSES ENJEKSİYON'!$F:$F=U52),0)),"")} | AE52: {=IFERROR(INDEX('[1]PROSES ENJEKSİYON'!$L:$L,MATCH(1,('[1]PROSES ENJEKSİYON'!$A:$A=$H$2)*('[1]PROSES ENJEKSİYON'!$F:$F=U52),0)),"")}
A53: 103 | H53: {=IFERROR(INDEX('[1]PROSES ENJEKSİYON'!$G:$G,MATCH(1,('[1]PROSES ENJEKSİYON'!$A:$A=$H$2)*('[1]PROSES ENJEKSİYON'!$F:$F=A53),0)),"")} -> PET0005-01 700ML SEFFAF SARI 28MM YIVLI 40GR | I53: {=IFERROR(INDEX('[1]PROSES ENJEKSİYON'!$J:$J,MATCH(1,('[1]PROSES ENJEKSİYON'!$A:$A=$H$2)*('[1]PROSES ENJEKSİYON'!$F:$F=A53),0)),"")} -> 5 | J53: {=IFERROR(INDEX('[1]PROSES ENJEKSİYON'!$K:$K,MATCH(1,('[1]PROSES ENJEKSİYON'!$A:$A=$H$2)*('[1]PROSES ENJEKSİYON'!$F:$F=A53),0)),"")} -> 5 | K53: {=IFERROR(INDEX('[1]PROSES ENJEKSİYON'!$L:$L,MATCH(1,('[1]PROSES ENJEKSİYON'!$A:$A=$H$2)*('[1]PROSES ENJEKSİYON'!$F:$F=A53),0)),"")} -> 15.59 | L53: {=IFERROR(INDEX('[1]PROSES ENJEKSİYON'!$G:$G,MATCH(1,('[1]PROSES ENJEKSİYON'!$A:$A=$L$2)*('[1]PROSES ENJEKSİYON'!$F:$F=A53),0)),"")} | M53: {=IFERROR(INDEX('[1]PROSES ENJEKSİYON'!$J:$J,MATCH(1,('[1]PROSES ENJEKSİYON'!$A:$A=$L$2)*('[1]PROSES ENJEKSİYON'!$F:$F=A53),0)),"")} | N53: {=IFERROR(INDEX('[1]PROSES ENJEKSİYON'!$K:$K,MATCH(1,('[1]PROSES ENJEKSİYON'!$A:$A=$L$2)*('[1]PROSES ENJEKSİYON'!$F:$F=A53),0)),"")} | O53: {=IFERROR(INDEX('[1]PROSES ENJEKSİYON'!$L:$L,MATCH(1,('[1]PROSES ENJEKSİYON'!$A:$A=$L$2)*('[1]PROSES ENJEKSİYON'!$F:$F=A53),0)),"")} | P53: {=IFERROR(INDEX('[1]PROSES ENJEKSİYON'!$G:$G,MATCH(1,('[1]PROSES ENJEKSİYON'!$A:$A=$P$2)*('[1]PROSES ENJEKSİYON'!$F:$F=A53),0)),"")} -> MM-PET0005-03-028Y-040 - PET0005-03 700ML OPAK SARI 28MM YIVLI 40GR | Q53: {=IFERROR(INDEX('[1]PROSES ENJEKSİYON'!$J:$J,MATCH(1,('[1]PROSES ENJEKSİYON'!$A:$A=$P$2)*('[1]PROSES ENJEKSİYON'!$F:$F=A53),0)),"")} -> 5 | R53: {=IFERROR(INDEX('[1]PROSES ENJEKSİYON'!$K:$K,MATCH(1,('[1]PROSES ENJEKSİYON'!$A:$A=$P$2)*('[1]PROSES ENJEKSİYON'!$F:$F=A53),0)),"")} -> 5 | S53: {=IFERROR(INDEX('[1]PROSES ENJEKSİYON'!$L:$L,MATCH(1,('[1]PROSES ENJEKSİYON'!$A:$A=$P$2)*('[1]PROSES ENJEKSİYON'!$F:$F=A53),0)),"")} -> 15.37 | T53: {=IFERROR(INDEX('[1]PROSES ENJEKSİYON'!$G:$G,MATCH(1,('[1]PROSES ENJEKSİYON'!$A:$A=$T$2)*('[1]PROSES ENJEKSİYON'!$F:$F=A53),0)),"")} -> PET0005-01 700ML SEFFAF SARI 28MM YIVLI 40GR | U53: {=IFERROR(INDEX('[1]PROSES ENJEKSİYON'!$J:$J,MATCH(1,('[1]PROSES ENJEKSİYON'!$A:$A=$T$2)*('[1]PROSES ENJEKSİYON'!$F:$F=A53),0)),"")} -> 5 | V53: {=IFERROR(INDEX('[1]PROSES ENJEKSİYON'!$K:$K,MATCH(1,('[1]PROSES ENJEKSİYON'!$A:$A=$T$2)*('[1]PROSES ENJEKSİYON'!$F:$F=A53),0)),"")} -> 5 | W53: {=IFERROR(INDEX('[1]PROSES ENJEKSİYON'!$L:$L,MATCH(1,('[1]PROSES ENJEKSİYON'!$A:$A=$T$2)*('[1]PROSES ENJEKSİYON'!$F:$F=A53),0)),"")} -> 15.52 | X53: {=IFERROR(INDEX('[1]PROSES ENJEKSİYON'!$G:$G,MATCH(1,('[1]PROSES ENJEKSİYON'!$A:$A=$X$2)*('[1]PROSES ENJEKSİYON'!$F:$F=A53),0)),"")} | Y53: {=IFERROR(INDEX('[1]PROSES ENJEKSİYON'!$J:$J,MATCH(1,('[1]PROSES ENJEKSİYON'!$A:$A=$X$2)*('[1]PROSES ENJEKSİYON'!$F:$F=A53),0)),"")} | Z53: {=IFERROR(INDEX('[1]PROSES ENJEKSİYON'!$K:$K,MATCH(1,('[1]PROSES ENJEKSİYON'!$A:$A=$X$2)*('[1]PROSES ENJEKSİYON'!$F:$F=A53),0)),"")} | AA53: {=IFERROR(INDEX('[1]PROSES ENJEKSİYON'!$L:$L,MATCH(1,('[1]PROSES ENJEKSİYON'!$A:$A=$X$2)*('[1]PROSES ENJEKSİYON'!$F:$F=A53),0)),"")} | AB53: {=IFERROR(INDEX('[1]PROSES ENJEKSİYON'!$G:$G,MATCH(1,('[1]PROSES ENJEKSİYON'!$A:$A=$H$2)*('[1]PROSES ENJEKSİYON'!$F:$F=U53),0)),"")} | AC53: {=IFERROR(INDEX('[1]PROSES ENJEKSİYON'!$J:$J,MATCH(1,('[1]PROSES ENJEKSİYON'!$A:$A=$H$2)*('[1]PROSES ENJEKSİYON'!$F:$F=U53),0)),"")} | AD53: {=IFERROR(INDEX('[1]PROSES ENJEKSİYON'!$K:$K,MATCH(1,('[1]PROSES ENJEKSİYON'!$A:$A=$H$2)*('[1]PROSES ENJEKSİYON'!$F:$F=U53),0)),"")} | AE53: {=IFERROR(INDEX('[1]PROSES ENJEKSİYON'!$L:$L,MATCH(1,('[1]PROSES ENJEKSİYON'!$A:$A=$H$2)*('[1]PROSES ENJEKSİYON'!$F:$F=U53),0)),"")}
A54: 104 | H54: {=IFERROR(INDEX('[1]PROSES ENJEKSİYON'!$G:$G,MATCH(1,('[1]PROSES ENJEKSİYON'!$A:$A=$H$2)*('[1]PROSES ENJEKSİYON'!$F:$F=A54),0)),"")} -> PET0007-08 400ML OPAK YESIL 28MM YIVLI 25GR | I54: {=IFERROR(INDEX('[1]PROSES ENJEKSİYON'!$J:$J,MATCH(1,('[1]PROSES ENJEKSİYON'!$A:$A=$H$2)*('[1]PROSES ENJEKSİYON'!$F:$F=A54),0)),"")} -> 6 | J54: {=IFERROR(INDEX('[1]PROSES ENJEKSİYON'!$K:$K,MATCH(1,('[1]PROSES ENJEKSİYON'!$A:$A=$H$2)*('[1]PROSES ENJEKSİYON'!$F:$F=A54),0)),"")} -> 5 | K54: {=IFERROR(INDEX('[1]PROSES ENJEKSİYON'!$L:$L,MATCH(1,('[1]PROSES ENJEKSİYON'!$A:$A=$H$2)*('[1]PROSES ENJEKSİYON'!$F:$F=A54),0)),"")} -> 15.92 | L54: {=IFERROR(INDEX('[1]PROSES ENJEKSİYON'!$G:$G,MATCH(1,('[1]PROSES ENJEKSİYON'!$A:$A=$L$2)*('[1]PROSES ENJEKSİYON'!$F:$F=A54),0)),"")} | M54: {=IFERROR(INDEX('[1]PROSES ENJEKSİYON'!$J:$J,MATCH(1,('[1]PROSES ENJEKSİYON'!$A:$A=$L$2)*('[1]PROSES ENJEKSİYON'!$F:$F=A54),0)),"")} | N54: {=IFERROR(INDEX('[1]PROSES ENJEKSİYON'!$K:$K,MATCH(1,('[1]PROSES ENJEKSİYON'!$A:$A=$L$2)*('[1]PROSES ENJEKSİYON'!$F:$F=A54),0)),"")} | O54: {=IFERROR(INDEX('[1]PROSES ENJEKSİYON'!$L:$L,MATCH(1,('[1]PROSES ENJEKSİYON'!$A:$A=$L$2)*('[1]PROSES ENJEKSİYON'!$F:$F=A54),0)),"")} | P54: {=IFERROR(INDEX('[1]PROSES ENJEKSİYON'!$G:$G,MATCH(1,('[1]PROSES ENJEKSİYON'!$A:$A=$P$2)*('[1]PROSES ENJEKSİYON'!$F:$F=A54),0)),"")} -> MM-PET0166-02-028Y-025 - PET0166-02 400ML SEFFAF SEFFAF 28MM YIVLI 25GR | Q54: {=IFERROR(INDEX('[1]PROSES ENJEKSİYON'!$J:$J,MATCH(1,('[1]PROSES ENJEKSİYON'!$A:$A=$P$2)*('[1]PROSES ENJEKSİYON'!$F:$F=A54),0)),"")} -> 6 | R54: {=IFERROR(INDEX('[1]PROSES ENJEKSİYON'!$K:$K,MATCH(1,('[1]PROSES ENJEKSİYON'!$A:$A=$P$2)*('[1]PROSES ENJEKSİYON'!$F:$F=A54),0)),"")} -> 6 | S54: {=IFERROR(INDEX('[1]PROSES ENJEKSİYON'!$L:$L,MATCH(1,('[1]PROSES ENJEKSİYON'!$A:$A=$P$2)*('[1]PROSES ENJEKSİYON'!$F:$F=A54),0)),"")} -> 13.4 | T54: {=IFERROR(INDEX('[1]PROSES ENJEKSİYON'!$G:$G,MATCH(1,('[1]PROSES ENJEKSİYON'!$A:$A=$T$2)*('[1]PROSES ENJEKSİYON'!$F:$F=A54),0)),"")} | U54: {=IFERROR(INDEX('[1]PROSES ENJEKSİYON'!$J:$J,MATCH(1,('[1]PROSES ENJEKSİYON'!$A:$A=$T$2)*('[1]PROSES ENJEKSİYON'!$F:$F=A54),0)),"")} | V54: {=IFERROR(INDEX('[1]PROSES ENJEKSİYON'!$K:$K,MATCH(1,('[1]PROSES ENJEKSİYON'!$A:$A=$T$2)*('[1]PROSES ENJEKSİYON'!$F:$F=A54),0)),"")} | W54: {=IFERROR(INDEX('[1]PROSES ENJEKSİYON'!$L:$L,MATCH(1,('[1]PROSES ENJEKSİYON'!$A:$A=$T$2)*('[1]PROSES ENJEKSİYON'!$F:$F=A54),0)),"")} | X54: {=IFERROR(INDEX('[1]PROSES ENJEKSİYON'!$G:$G,MATCH(1,('[1]PROSES ENJEKSİYON'!$A:$A=$X$2)*('[1]PROSES ENJEKSİYON'!$F:$F=A54),0)),"")} | Y54: {=IFERROR(INDEX('[1]PROSES ENJEKSİYON'!$J:$J,MATCH(1,('[1]PROSES ENJEKSİYON'!$A:$A=$X$2)*('[1]PROSES ENJEKSİYON'!$F:$F=A54),0)),"")} | Z54: {=IFERROR(INDEX('[1]PROSES ENJEKSİYON'!$K:$K,MATCH(1,('[1]PROSES ENJEKSİYON'!$A:$A=$X$2)*('[1]PROSES ENJEKSİYON'!$F:$F=A54),0)),"")} | AA54: {=IFERROR(INDEX('[1]PROSES ENJEKSİYON'!$L:$L,MATCH(1,('[1]PROSES ENJEKSİYON'!$A:$A=$X$2)*('[1]PROSES ENJEKSİYON'!$F:$F=A54),0)),"")} | AB54: {=IFERROR(INDEX('[1]PROSES ENJEKSİYON'!$G:$G,MATCH(1,('[1]PROSES ENJEKSİYON'!$A:$A=$H$2)*('[1]PROSES ENJEKSİYON'!$F:$F=U54),0)),"")} | AC54: {=IFERROR(INDEX('[1]PROSES ENJEKSİYON'!$J:$J,MATCH(1,('[1]PROSES ENJEKSİYON'!$A:$A=$H$2)*('[1]PROSES ENJEKSİYON'!$F:$F=U54),0)),"")} | AD54: {=IFERROR(INDEX('[1]PROSES ENJEKSİYON'!$K:$K,MATCH(1,('[1]PROSES ENJEKSİYON'!$A:$A=$H$2)*('[1]PROSES ENJEKSİYON'!$F:$F=U54),0)),"")} | AE54: {=IFERROR(INDEX('[1]PROSES ENJEKSİYON'!$L:$L,MATCH(1,('[1]PROSES ENJEKSİYON'!$A:$A=$H$2)*('[1]PROSES ENJEKSİYON'!$F:$F=U54),0)),"")}
A55: 161 | H55: {=IFERROR(INDEX('[1]PROSES ENJEKSİYON'!$G:$G,MATCH(1,('[1]PROSES ENJEKSİYON'!$A:$A=$H$2)*('[1]PROSES ENJEKSİYON'!$F:$F=A55),0)),"")} -> PET0181-02 960ML OPAK SARI 38MM YIVLI 47GR | I55: {=IFERROR(INDEX('[1]PROSES ENJEKSİYON'!$J:$J,MATCH(1,('[1]PROSES ENJEKSİYON'!$A:$A=$H$2)*('[1]PROSES ENJEKSİYON'!$F:$F=A55),0)),"")} -> 6 | J55: {=IFERROR(INDEX('[1]PROSES ENJEKSİYON'!$K:$K,MATCH(1,('[1]PROSES ENJEKSİYON'!$A:$A=$H$2)*('[1]PROSES ENJEKSİYON'!$F:$F=A55),0)),"")} -> 6 | K55: {=IFERROR(INDEX('[1]PROSES ENJEKSİYON'!$L:$L,MATCH(1,('[1]PROSES ENJEKSİYON'!$A:$A=$H$2)*('[1]PROSES ENJEKSİYON'!$F:$F=A55),0)),"")} -> 22.51 | L55: {=IFERROR(INDEX('[1]PROSES ENJEKSİYON'!$G:$G,MATCH(1,('[1]PROSES ENJEKSİYON'!$A:$A=$L$2)*('[1]PROSES ENJEKSİYON'!$F:$F=A55),0)),"")} | M55: {=IFERROR(INDEX('[1]PROSES ENJEKSİYON'!$J:$J,MATCH(1,('[1]PROSES ENJEKSİYON'!$A:$A=$L$2)*('[1]PROSES ENJEKSİYON'!$F:$F=A55),0)),"")} | N55: {=IFERROR(INDEX('[1]PROSES ENJEKSİYON'!$K:$K,MATCH(1,('[1]PROSES ENJEKSİYON'!$A:$A=$L$2)*('[1]PROSES ENJEKSİYON'!$F:$F=A55),0)),"")} | O55: {=IFERROR(INDEX('[1]PROSES ENJEKSİYON'!$L:$L,MATCH(1,('[1]PROSES ENJEKSİYON'!$A:$A=$L$2)*('[1]PROSES ENJEKSİYON'!$F:$F=A55),0)),"")} | P55: {=IFERROR(INDEX('[1]PROSES ENJEKSİYON'!$G:$G,MATCH(1,('[1]PROSES ENJEKSİYON'!$A:$A=$P$2)*('[1]PROSES ENJEKSİYON'!$F:$F=A55),0)),"")} -> MM-PET0181-03-038Y-047 - PET0181-03 960ML OPAK KIRMIZI 38MM YIVLI 47GR | Q55: {=IFERROR(INDEX('[1]PROSES ENJEKSİYON'!$J:$J,MATCH(1,('[1]PROSES ENJEKSİYON'!$A:$A=$P$2)*('[1]PROSES ENJEKSİYON'!$F:$F=A55),0)),"")} -> 2 | R55: {=IFERROR(INDEX('[1]PROSES ENJEKSİYON'!$K:$K,MATCH(1,('[1]PROSES ENJEKSİYON'!$A:$A=$P$2)*('[1]PROSES ENJEKSİYON'!$F:$F=A55),0)),"")} -> 2 | S55: {=IFERROR(INDEX('[1]PROSES ENJEKSİYON'!$L:$L,MATCH(1,('[1]PROSES ENJEKSİYON'!$A:$A=$P$2)*('[1]PROSES ENJEKSİYON'!$F:$F=A55),0)),"")} -> 22.5 | T55: {=IFERROR(INDEX('[1]PROSES ENJEKSİYON'!$G:$G,MATCH(1,('[1]PROSES ENJEKSİYON'!$A:$A=$T$2)*('[1]PROSES ENJEKSİYON'!$F:$F=A55),0)),"")} -> PET0181-03 960ML OPAK KIRMIZI 38MM YIVLI 47GR | U55: {=IFERROR(INDEX('[1]PROSES ENJEKSİYON'!$J:$J,MATCH(1,('[1]PROSES ENJEKSİYON'!$A:$A=$T$2)*('[1]PROSES ENJEKSİYON'!$F:$F=A55),0)),"")} -> 2 | V55: {=IFERROR(INDEX('[1]PROSES ENJEKSİYON'!$K:$K,MATCH(1,('[1]PROSES ENJEKSİYON'!$A:$A=$T$2)*('[1]PROSES ENJEKSİYON'!$F:$F=A55),0)),"")} -> 2 | W55: {=IFERROR(INDEX('[1]PROSES ENJEKSİYON'!$L:$L,MATCH(1,('[1]PROSES ENJEKSİYON'!$A:$A=$T$2)*('[1]PROSES ENJEKSİYON'!$F:$F=A55),0)),"")} -> 22.51 | X55: {=IFERROR(INDEX('[1]PROSES ENJEKSİYON'!$G:$G,MATCH(1,('[1]PROSES ENJEKSİYON'!$A:$A=$X$2)*('[1]PROSES ENJEKSİYON'!$F:$F=A55),0)),"")} | Y55: {=IFERROR(INDEX('[1]PROSES ENJEKSİYON'!$J:$J,MATCH(1,('[1]PROSES ENJEKSİYON'!$A:$A=$X$2)*('[1]PROSES ENJEKSİYON'!$F:$F=A55),0)),"")} | Z55: {=IFERROR(INDEX('[1]PROSES ENJEKSİYON'!$K:$K,MATCH(1,('[1]PROSES ENJEKSİYON'!$A:$A=$X$2)*('[1]PROSES ENJEKSİYON'!$F:$F=A55),0)),"")} | AA55: {=IFERROR(INDEX('[1]PROSES ENJEKSİYON'!$L:$L,MATCH(1,('[1]PROSES ENJEKSİYON'!$A:$A=$X$2)*('[1]PROSES ENJEKSİYON'!$F:$F=A55),0)),"")} | AB55: {=IFERROR(INDEX('[1]PROSES ENJEKSİYON'!$G:$G,MATCH(1,('[1]PROSES ENJEKSİYON'!$A:$A=$H$2)*('[1]PROSES ENJEKSİYON'!$F:$F=U55),0)),"")} | AC55: {=IFERROR(INDEX('[1]PROSES ENJEKSİYON'!$J:$J,MATCH(1,('[1]PROSES ENJEKSİYON'!$A:$A=$H$2)*('[1]PROSES ENJEKSİYON'!$F:$F=U55),0)),"")} | AD55: {=IFERROR(INDEX('[1]PROSES ENJEKSİYON'!$K:$K,MATCH(1,('[1]PROSES ENJEKSİYON'!$A:$A=$H$2)*('[1]PROSES ENJEKSİYON'!$F:$F=U55),0)),"")} | AE55: {=IFERROR(INDEX('[1]PROSES ENJEKSİYON'!$L:$L,MATCH(1,('[1]PROSES ENJEKSİYON'!$A:$A=$H$2)*('[1]PROSES ENJEKSİYON'!$F:$F=U55),0)),"")}
A56: 162 | H56: {=IFERROR(INDEX('[1]PROSES ENJEKSİYON'!$G:$G,MATCH(1,('[1]PROSES ENJEKSİYON'!$A:$A=$H$2)*('[1]PROSES ENJEKSİYON'!$F:$F=A56),0)),"")} -> PET0014-01 1000ML SEFFAF SEFFAF 28MM YIVLI 52GR | I56: {=IFERROR(INDEX('[1]PROSES ENJEKSİYON'!$J:$J,MATCH(1,('[1]PROSES ENJEKSİYON'!$A:$A=$H$2)*('[1]PROSES ENJEKSİYON'!$F:$F=A56),0)),"")} -> 6 | J56: {=IFERROR(INDEX('[1]PROSES ENJEKSİYON'!$K:$K,MATCH(1,('[1]PROSES ENJEKSİYON'!$A:$A=$H$2)*('[1]PROSES ENJEKSİYON'!$F:$F=A56),0)),"")} -> 6 | K56: {=IFERROR(INDEX('[1]PROSES ENJEKSİYON'!$L:$L,MATCH(1,('[1]PROSES ENJEKSİYON'!$A:$A=$H$2)*('[1]PROSES ENJEKSİYON'!$F:$F=A56),0)),"")} -> 24 | L56: {=IFERROR(INDEX('[1]PROSES ENJEKSİYON'!$G:$G,MATCH(1,('[1]PROSES ENJEKSİYON'!$A:$A=$L$2)*('[1]PROSES ENJEKSİYON'!$F:$F=A56),0)),"")} | M56: {=IFERROR(INDEX('[1]PROSES ENJEKSİYON'!$J:$J,MATCH(1,('[1]PROSES ENJEKSİYON'!$A:$A=$L$2)*('[1]PROSES ENJEKSİYON'!$F:$F=A56),0)),"")} | N56: {=IFERROR(INDEX('[1]PROSES ENJEKSİYON'!$K:$K,MATCH(1,('[1]PROSES ENJEKSİYON'!$A:$A=$L$2)*('[1]PROSES ENJEKSİYON'!$F:$F=A56),0)),"")} | O56: {=IFERROR(INDEX('[1]PROSES ENJEKSİYON'!$L:$L,MATCH(1,('[1]PROSES ENJEKSİYON'!$A:$A=$L$2)*('[1]PROSES ENJEKSİYON'!$F:$F=A56),0)),"")} | P56: {=IFERROR(INDEX('[1]PROSES ENJEKSİYON'!$G:$G,MATCH(1,('[1]PROSES ENJEKSİYON'!$A:$A=$P$2)*('[1]PROSES ENJEKSİYON'!$F:$F=A56),0)),"")} -> MM-PET0013-02-028Y-052 - PET0013-02 1000ML OPAK BEYAZ 28MM YIVLI 52GR | Q56: {=IFERROR(INDEX('[1]PROSES ENJEKSİYON'!$J:$J,MATCH(1,('[1]PROSES ENJEKSİYON'!$A:$A=$P$2)*('[1]PROSES ENJEKSİYON'!$F:$F=A56),0)),"")} -> 2 | R56: {=IFERROR(INDEX('[1]PROSES ENJEKSİYON'!$K:$K,MATCH(1,('[1]PROSES ENJEKSİYON'!$A:$A=$P$2)*('[1]PROSES ENJEKSİYON'!$F:$F=A56),0)),"")} -> 2 | S56: {=IFERROR(INDEX('[1]PROSES ENJEKSİYON'!$L:$L,MATCH(1,('[1]PROSES ENJEKSİYON'!$A:$A=$P$2)*('[1]PROSES ENJEKSİYON'!$F:$F=A56),0)),"")} -> 24 | T56: {=IFERROR(INDEX('[1]PROSES ENJEKSİYON'!$G:$G,MATCH(1,('[1]PROSES ENJEKSİYON'!$A:$A=$T$2)*('[1]PROSES ENJEKSİYON'!$F:$F=A56),0)),"")} | U56: {=IFERROR(INDEX('[1]PROSES ENJEKSİYON'!$J:$J,MATCH(1,('[1]PROSES ENJEKSİYON'!$A:$A=$T$2)*('[1]PROSES ENJEKSİYON'!$F:$F=A56),0)),"")} | V56: {=IFERROR(INDEX('[1]PROSES ENJEKSİYON'!$K:$K,MATCH(1,('[1]PROSES ENJEKSİYON'!$A:$A=$T$2)*('[1]PROSES ENJEKSİYON'!$F:$F=A56),0)),"")} | W56: {=IFERROR(INDEX('[1]PROSES ENJEKSİYON'!$L:$L,MATCH(1,('[1]PROSES ENJEKSİYON'!$A:$A=$T$2)*('[1]PROSES ENJEKSİYON'!$F:$F=A56),0)),"")} | X56: {=IFERROR(INDEX('[1]PROSES ENJEKSİYON'!$G:$G,MATCH(1,('[1]PROSES ENJEKSİYON'!$A:$A=$X$2)*('[1]PROSES ENJEKSİYON'!$F:$F=A56),0)),"")} | Y56: {=IFERROR(INDEX('[1]PROSES ENJEKSİYON'!$J:$J,MATCH(1,('[1]PROSES ENJEKSİYON'!$A:$A=$X$2)*('[1]PROSES ENJEKSİYON'!$F:$F=A56),0)),"")} | Z56: {=IFERROR(INDEX('[1]PROSES ENJEKSİYON'!$K:$K,MATCH(1,('[1]PROSES ENJEKSİYON'!$A:$A=$X$2)*('[1]PROSES ENJEKSİYON'!$F:$F=A56),0)),"")} | AA56: {=IFERROR(INDEX('[1]PROSES ENJEKSİYON'!$L:$L,MATCH(1,('[1]PROSES ENJEKSİYON'!$A:$A=$X$2)*('[1]PROSES ENJEKSİYON'!$F:$F=A56),0)),"")} | AB56: {=IFERROR(INDEX('[1]PROSES ENJEKSİYON'!$G:$G,MATCH(1,('[1]PROSES ENJEKSİYON'!$A:$A=$H$2)*('[1]PROSES ENJEKSİYON'!$F:$F=U56),0)),"")} | AC56: {=IFERROR(INDEX('[1]PROSES ENJEKSİYON'!$J:$J,MATCH(1,('[1]PROSES ENJEKSİYON'!$A:$A=$H$2)*('[1]PROSES ENJEKSİYON'!$F:$F=U56),0)),"")} | AD56: {=IFERROR(INDEX('[1]PROSES ENJEKSİYON'!$K:$K,MATCH(1,('[1]PROSES ENJEKSİYON'!$A:$A=$H$2)*('[1]PROSES ENJEKSİYON'!$F:$F=U56),0)),"")} | AE56: {=IFERROR(INDEX('[1]PROSES ENJEKSİYON'!$L:$L,MATCH(1,('[1]PROSES ENJEKSİYON'!$A:$A=$H$2)*('[1]PROSES ENJEKSİYON'!$F:$F=U56),0)),"")}
A57: 163 | H57: {=IFERROR(INDEX('[1]PROSES ENJEKSİYON'!$G:$G,MATCH(1,('[1]PROSES ENJEKSİYON'!$A:$A=$H$2)*('[1]PROSES ENJEKSİYON'!$F:$F=A57),0)),"")} | I57: {=IFERROR(INDEX('[1]PROSES ENJEKSİYON'!$J:$J,MATCH(1,('[1]PROSES ENJEKSİYON'!$A:$A=$H$2)*('[1]PROSES ENJEKSİYON'!$F:$F=A57),0)),"")} | J57: {=IFERROR(INDEX('[1]PROSES ENJEKSİYON'!$K:$K,MATCH(1,('[1]PROSES ENJEKSİYON'!$A:$A=$H$2)*('[1]PROSES ENJEKSİYON'!$F:$F=A57),0)),"")} | K57: {=IFERROR(INDEX('[1]PROSES ENJEKSİYON'!$L:$L,MATCH(1,('[1]PROSES ENJEKSİYON'!$A:$A=$H$2)*('[1]PROSES ENJEKSİYON'!$F:$F=A57),0)),"")} | L57: {=IFERROR(INDEX('[1]PROSES ENJEKSİYON'!$G:$G,MATCH(1,('[1]PROSES ENJEKSİYON'!$A:$A=$L$2)*('[1]PROSES ENJEKSİYON'!$F:$F=A57),0)),"")} | M57: {=IFERROR(INDEX('[1]PROSES ENJEKSİYON'!$J:$J,MATCH(1,('[1]PROSES ENJEKSİYON'!$A:$A=$L$2)*('[1]PROSES ENJEKSİYON'!$F:$F=A57),0)),"")} | N57: {=IFERROR(INDEX('[1]PROSES ENJEKSİYON'!$K:$K,MATCH(1,('[1]PROSES ENJEKSİYON'!$A:$A=$L$2)*('[1]PROSES ENJEKSİYON'!$F:$F=A57),0)),"")} | O57: {=IFERROR(INDEX('[1]PROSES ENJEKSİYON'!$L:$L,MATCH(1,('[1]PROSES ENJEKSİYON'!$A:$A=$L$2)*('[1]PROSES ENJEKSİYON'!$F:$F=A57),0)),"")} | P57: {=IFERROR(INDEX('[1]PROSES ENJEKSİYON'!$G:$G,MATCH(1,('[1]PROSES ENJEKSİYON'!$A:$A=$P$2)*('[1]PROSES ENJEKSİYON'!$F:$F=A57),0)),"")} -> MM-PET0295-01-028Y-040 - PET0295-01 739ML SEFFAF SEFFAF 28MM YIVLI 40GR | Q57: {=IFERROR(INDEX('[1]PROSES ENJEKSİYON'!$J:$J,MATCH(1,('[1]PROSES ENJEKSİYON'!$A:$A=$P$2)*('[1]PROSES ENJEKSİYON'!$F:$F=A57),0)),"")} -> 2 | R57: {=IFERROR(INDEX('[1]PROSES ENJEKSİYON'!$K:$K,MATCH(1,('[1]PROSES ENJEKSİYON'!$A:$A=$P$2)*('[1]PROSES ENJEKSİYON'!$F:$F=A57),0)),"")} -> 2 | S57: {=IFERROR(INDEX('[1]PROSES ENJEKSİYON'!$L:$L,MATCH(1,('[1]PROSES ENJEKSİYON'!$A:$A=$P$2)*('[1]PROSES ENJEKSİYON'!$F:$F=A57),0)),"")} -> 0 | T57: {=IFERROR(INDEX('[1]PROSES ENJEKSİYON'!$G:$G,MATCH(1,('[1]PROSES ENJEKSİYON'!$A:$A=$T$2)*('[1]PROSES ENJEKSİYON'!$F:$F=A57),0)),"")} -> PET0295-01 739ML SEFFAF SEFFAF 28MM YIVLI 40GR | U57: {=IFERROR(INDEX('[1]PROSES ENJEKSİYON'!$J:$J,MATCH(1,('[1]PROSES ENJEKSİYON'!$A:$A=$T$2)*('[1]PROSES ENJEKSİYON'!$F:$F=A57),0)),"")} -> 2 | V57: {=IFERROR(INDEX('[1]PROSES ENJEKSİYON'!$K:$K,MATCH(1,('[1]PROSES ENJEKSİYON'!$A:$A=$T$2)*('[1]PROSES ENJEKSİYON'!$F:$F=A57),0)),"")} -> 2 | W57: {=IFERROR(INDEX('[1]PROSES ENJEKSİYON'!$L:$L,MATCH(1,('[1]PROSES ENJEKSİYON'!$A:$A=$T$2)*('[1]PROSES ENJEKSİYON'!$F:$F=A57),0)),"")} -> 19.79 | X57: {=IFERROR(INDEX('[1]PROSES ENJEKSİYON'!$G:$G,MATCH(1,('[1]PROSES ENJEKSİYON'!$A:$A=$X$2)*('[1]PROSES ENJEKSİYON'!$F:$F=A57),0)),"")} | Y57: {=IFERROR(INDEX('[1]PROSES ENJEKSİYON'!$J:$J,MATCH(1,('[1]PROSES ENJEKSİYON'!$A:$A=$X$2)*('[1]PROSES ENJEKSİYON'!$F:$F=A57),0)),"")} | Z57: {=IFERROR(INDEX('[1]PROSES ENJEKSİYON'!$K:$K,MATCH(1,('[1]PROSES ENJEKSİYON'!$A:$A=$X$2)*('[1]PROSES ENJEKSİYON'!$F:$F=A57),0)),"")} | AA57: {=IFERROR(INDEX('[1]PROSES ENJEKSİYON'!$L:$L,MATCH(1,('[1]PROSES ENJEKSİYON'!$A:$A=$X$2)*('[1]PROSES ENJEKSİYON'!$F:$F=A57),0)),"")} | AB57: {=IFERROR(INDEX('[1]PROSES ENJEKSİYON'!$G:$G,MATCH(1,('[1]PROSES ENJEKSİYON'!$A:$A=$H$2)*('[1]PROSES ENJEKSİYON'!$F:$F=U57),0)),"")} | AC57: {=IFERROR(INDEX('[1]PROSES ENJEKSİYON'!$J:$J,MATCH(1,('[1]PROSES ENJEKSİYON'!$A:$A=$H$2)*('[1]PROSES ENJEKSİYON'!$F:$F=U57),0)),"")} | AD57: {=IFERROR(INDEX('[1]PROSES ENJEKSİYON'!$K:$K,MATCH(1,('[1]PROSES ENJEKSİYON'!$A:$A=$H$2)*('[1]PROSES ENJEKSİYON'!$F:$F=U57),0)),"")} | AE57: {=IFERROR(INDEX('[1]PROSES ENJEKSİYON'!$L:$L,MATCH(1,('[1]PROSES ENJEKSİYON'!$A:$A=$H$2)*('[1]PROSES ENJEKSİYON'!$F:$F=U57),0)),"")}
A58: 164 | H58: {=IFERROR(INDEX('[1]PROSES ENJEKSİYON'!$G:$G,MATCH(1,('[1]PROSES ENJEKSİYON'!$A:$A=$H$2)*('[1]PROSES ENJEKSİYON'!$F:$F=A58),0)),"")} | I58: {=IFERROR(INDEX('[1]PROSES ENJEKSİYON'!$J:$J,MATCH(1,('[1]PROSES ENJEKSİYON'!$A:$A=$H$2)*('[1]PROSES ENJEKSİYON'!$F:$F=A58),0)),"")} | J58: {=IFERROR(INDEX('[1]PROSES ENJEKSİYON'!$K:$K,MATCH(1,('[1]PROSES ENJEKSİYON'!$A:$A=$H$2)*('[1]PROSES ENJEKSİYON'!$F:$F=A58),0)),"")} | K58: {=IFERROR(INDEX('[1]PROSES ENJEKSİYON'!$L:$L,MATCH(1,('[1]PROSES ENJEKSİYON'!$A:$A=$H$2)*('[1]PROSES ENJEKSİYON'!$F:$F=A58),0)),"")} | L58: {=IFERROR(INDEX('[1]PROSES ENJEKSİYON'!$G:$G,MATCH(1,('[1]PROSES ENJEKSİYON'!$A:$A=$L$2)*('[1]PROSES ENJEKSİYON'!$F:$F=A58),0)),"")} | M58: {=IFERROR(INDEX('[1]PROSES ENJEKSİYON'!$J:$J,MATCH(1,('[1]PROSES ENJEKSİYON'!$A:$A=$L$2)*('[1]PROSES ENJEKSİYON'!$F:$F=A58),0)),"")} | N58: {=IFERROR(INDEX('[1]PROSES ENJEKSİYON'!$K:$K,MATCH(1,('[1]PROSES ENJEKSİYON'!$A:$A=$L$2)*('[1]PROSES ENJEKSİYON'!$F:$F=A58),0)),"")} | O58: {=IFERROR(INDEX('[1]PROSES ENJEKSİYON'!$L:$L,MATCH(1,('[1]PROSES ENJEKSİYON'!$A:$A=$L$2)*('[1]PROSES ENJEKSİYON'!$F:$F=A58),0)),"")} | P58: {=IFERROR(INDEX('[1]PROSES ENJEKSİYON'!$G:$G,MATCH(1,('[1]PROSES ENJEKSİYON'!$A:$A=$P$2)*('[1]PROSES ENJEKSİYON'!$F:$F=A58),0)),"")} -> MM-PET0014-01-028Y-052 - PET0014-01 1000ML SEFFAF SEFFAF 28MM YIVLI 52GR | Q58: {=IFERROR(INDEX('[1]PROSES ENJEKSİYON'!$J:$J,MATCH(1,('[1]PROSES ENJEKSİYON'!$A:$A=$P$2)*('[1]PROSES ENJEKSİYON'!$F:$F=A58),0)),"")} -> 2 | R58: {=IFERROR(INDEX('[1]PROSES ENJEKSİYON'!$K:$K,MATCH(1,('[1]PROSES ENJEKSİYON'!$A:$A=$P$2)*('[1]PROSES ENJEKSİYON'!$F:$F=A58),0)),"")} -> 2 | S58: {=IFERROR(INDEX('[1]PROSES ENJEKSİYON'!$L:$L,MATCH(1,('[1]PROSES ENJEKSİYON'!$A:$A=$P$2)*('[1]PROSES ENJEKSİYON'!$F:$F=A58),0)),"")} -> 23.99 | T58: {=IFERROR(INDEX('[1]PROSES ENJEKSİYON'!$G:$G,MATCH(1,('[1]PROSES ENJEKSİYON'!$A:$A=$T$2)*('[1]PROSES ENJEKSİYON'!$F:$F=A58),0)),"")} | U58: {=IFERROR(INDEX('[1]PROSES ENJEKSİYON'!$J:$J,MATCH(1,('[1]PROSES ENJEKSİYON'!$A:$A=$T$2)*('[1]PROSES ENJEKSİYON'!$F:$F=A58),0)),"")} | V58: {=IFERROR(INDEX('[1]PROSES ENJEKSİYON'!$K:$K,MATCH(1,('[1]PROSES ENJEKSİYON'!$A:$A=$T$2)*('[1]PROSES ENJEKSİYON'!$F:$F=A58),0)),"")} | W58: {=IFERROR(INDEX('[1]PROSES ENJEKSİYON'!$L:$L,MATCH(1,('[1]PROSES ENJEKSİYON'!$A:$A=$T$2)*('[1]PROSES ENJEKSİYON'!$F:$F=A58),0)),"")} | X58: {=IFERROR(INDEX('[1]PROSES ENJEKSİYON'!$G:$G,MATCH(1,('[1]PROSES ENJEKSİYON'!$A:$A=$X$2)*('[1]PROSES ENJEKSİYON'!$F:$F=A58),0)),"")} | Y58: {=IFERROR(INDEX('[1]PROSES ENJEKSİYON'!$J:$J,MATCH(1,('[1]PROSES ENJEKSİYON'!$A:$A=$X$2)*('[1]PROSES ENJEKSİYON'!$F:$F=A58),0)),"")} | Z58: {=IFERROR(INDEX('[1]PROSES ENJEKSİYON'!$K:$K,MATCH(1,('[1]PROSES ENJEKSİYON'!$A:$A=$X$2)*('[1]PROSES ENJEKSİYON'!$F:$F=A58),0)),"")} | AA58: {=IFERROR(INDEX('[1]PROSES ENJEKSİYON'!$L:$L,MATCH(1,('[1]PROSES ENJEKSİYON'!$A:$A=$X$2)*('[1]PROSES ENJEKSİYON'!$F:$F=A58),0)),"")} | AB58: {=IFERROR(INDEX('[1]PROSES ENJEKSİYON'!$G:$G,MATCH(1,('[1]PROSES ENJEKSİYON'!$A:$A=$H$2)*('[1]PROSES ENJEKSİYON'!$F:$F=U58),0)),"")} | AC58: {=IFERROR(INDEX('[1]PROSES ENJEKSİYON'!$J:$J,MATCH(1,('[1]PROSES ENJEKSİYON'!$A:$A=$H$2)*('[1]PROSES ENJEKSİYON'!$F:$F=U58),0)),"")} | AD58: {=IFERROR(INDEX('[1]PROSES ENJEKSİYON'!$K:$K,MATCH(1,('[1]PROSES ENJEKSİYON'!$A:$A=$H$2)*('[1]PROSES ENJEKSİYON'!$F:$F=U58),0)),"")} | AE58: {=IFERROR(INDEX('[1]PROSES ENJEKSİYON'!$L:$L,MATCH(1,('[1]PROSES ENJEKSİYON'!$A:$A=$H$2)*('[1]PROSES ENJEKSİYON'!$F:$F=U58),0)),"")}
A59: 165 | H59: {=IFERROR(INDEX('[1]PROSES ENJEKSİYON'!$G:$G,MATCH(1,('[1]PROSES ENJEKSİYON'!$A:$A=$H$2)*('[1]PROSES ENJEKSİYON'!$F:$F=A59),0)),"")} | I59: {=IFERROR(INDEX('[1]PROSES ENJEKSİYON'!$J:$J,MATCH(1,('[1]PROSES ENJEKSİYON'!$A:$A=$H$2)*('[1]PROSES ENJEKSİYON'!$F:$F=A59),0)),"")} | J59: {=IFERROR(INDEX('[1]PROSES ENJEKSİYON'!$K:$K,MATCH(1,('[1]PROSES ENJEKSİYON'!$A:$A=$H$2)*('[1]PROSES ENJEKSİYON'!$F:$F=A59),0)),"")} | K59: {=IFERROR(INDEX('[1]PROSES ENJEKSİYON'!$L:$L,MATCH(1,('[1]PROSES ENJEKSİYON'!$A:$A=$H$2)*('[1]PROSES ENJEKSİYON'!$F:$F=A59),0)),"")} | L59: {=IFERROR(INDEX('[1]PROSES ENJEKSİYON'!$G:$G,MATCH(1,('[1]PROSES ENJEKSİYON'!$A:$A=$H$2)*('[1]PROSES ENJEKSİYON'!$F:$F=E59),0)),"")} | M59: {=IFERROR(INDEX('[1]PROSES ENJEKSİYON'!$J:$J,MATCH(1,('[1]PROSES ENJEKSİYON'!$A:$A=$H$2)*('[1]PROSES ENJEKSİYON'!$F:$F=E59),0)),"")} | N59: {=IFERROR(INDEX('[1]PROSES ENJEKSİYON'!$K:$K,MATCH(1,('[1]PROSES ENJEKSİYON'!$A:$A=$H$2)*('[1]PROSES ENJEKSİYON'!$F:$F=E59),0)),"")} | O59: {=IFERROR(INDEX('[1]PROSES ENJEKSİYON'!$L:$L,MATCH(1,('[1]PROSES ENJEKSİYON'!$A:$A=$H$2)*('[1]PROSES ENJEKSİYON'!$F:$F=E59),0)),"")} | P59: {=IFERROR(INDEX('[1]PROSES ENJEKSİYON'!$G:$G,MATCH(1,('[1]PROSES ENJEKSİYON'!$A:$A=$P$2)*('[1]PROSES ENJEKSİYON'!$F:$F=A59),0)),"")} -> MM-PET0024-01-028Y-045 - PET0024-01 1000ML SEFFAF SEFFAF 28MM YIVLI 45GR | Q59: {=IFERROR(INDEX('[1]PROSES ENJEKSİYON'!$J:$J,MATCH(1,('[1]PROSES ENJEKSİYON'!$A:$A=$P$2)*('[1]PROSES ENJEKSİYON'!$F:$F=A59),0)),"")} -> 2 | R59: {=IFERROR(INDEX('[1]PROSES ENJEKSİYON'!$K:$K,MATCH(1,('[1]PROSES ENJEKSİYON'!$A:$A=$P$2)*('[1]PROSES ENJEKSİYON'!$F:$F=A59),0)),"")} -> 2 | S59: {=IFERROR(INDEX('[1]PROSES ENJEKSİYON'!$L:$L,MATCH(1,('[1]PROSES ENJEKSİYON'!$A:$A=$P$2)*('[1]PROSES ENJEKSİYON'!$F:$F=A59),0)),"")} -> 20.99 | T59: {=IFERROR(INDEX('[1]PROSES ENJEKSİYON'!$G:$G,MATCH(1,('[1]PROSES ENJEKSİYON'!$A:$A=$T$2)*('[1]PROSES ENJEKSİYON'!$F:$F=A59),0)),"")} | U59: {=IFERROR(INDEX('[1]PROSES ENJEKSİYON'!$J:$J,MATCH(1,('[1]PROSES ENJEKSİYON'!$A:$A=$T$2)*('[1]PROSES ENJEKSİYON'!$F:$F=A59),0)),"")} | V59: {=IFERROR(INDEX('[1]PROSES ENJEKSİYON'!$K:$K,MATCH(1,('[1]PROSES ENJEKSİYON'!$A:$A=$T$2)*('[1]PROSES ENJEKSİYON'!$F:$F=A59),0)),"")} | W59: {=IFERROR(INDEX('[1]PROSES ENJEKSİYON'!$L:$L,MATCH(1,('[1]PROSES ENJEKSİYON'!$A:$A=$T$2)*('[1]PROSES ENJEKSİYON'!$F:$F=A59),0)),"")} | X59: {=IFERROR(INDEX('[1]PROSES ENJEKSİYON'!$G:$G,MATCH(1,('[1]PROSES ENJEKSİYON'!$A:$A=$X$2)*('[1]PROSES ENJEKSİYON'!$F:$F=A59),0)),"")} | Y59: {=IFERROR(INDEX('[1]PROSES ENJEKSİYON'!$J:$J,MATCH(1,('[1]PROSES ENJEKSİYON'!$A:$A=$X$2)*('[1]PROSES ENJEKSİYON'!$F:$F=A59),0)),"")} | Z59: {=IFERROR(INDEX('[1]PROSES ENJEKSİYON'!$K:$K,MATCH(1,('[1]PROSES ENJEKSİYON'!$A:$A=$X$2)*('[1]PROSES ENJEKSİYON'!$F:$F=A59),0)),"")} | AA59: {=IFERROR(INDEX('[1]PROSES ENJEKSİYON'!$L:$L,MATCH(1,('[1]PROSES ENJEKSİYON'!$A:$A=$X$2)*('[1]PROSES ENJEKSİYON'!$F:$F=A59),0)),"")} | AB59: {=IFERROR(INDEX('[1]PROSES ENJEKSİYON'!$G:$G,MATCH(1,('[1]PROSES ENJEKSİYON'!$A:$A=$H$2)*('[1]PROSES ENJEKSİYON'!$F:$F=U59),0)),"")} | AC59: {=IFERROR(INDEX('[1]PROSES ENJEKSİYON'!$J:$J,MATCH(1,('[1]PROSES ENJEKSİYON'!$A:$A=$H$2)*('[1]PROSES ENJEKSİYON'!$F:$F=U59),0)),"")} | AD59: {=IFERROR(INDEX('[1]PROSES ENJEKSİYON'!$K:$K,MATCH(1,('[1]PROSES ENJEKSİYON'!$A:$A=$H$2)*('[1]PROSES ENJEKSİYON'!$F:$F=U59),0)),"")} | AE59: {=IFERROR(INDEX('[1]PROSES ENJEKSİYON'!$L:$L,MATCH(1,('[1]PROSES ENJEKSİYON'!$A:$A=$H$2)*('[1]PROSES ENJEKSİYON'!$F:$F=U59),0)),"")}
A60: 181 | H60: {=IFERROR(INDEX('[1]PROSES ENJEKSİYON'!$G:$G,MATCH(1,('[1]PROSES ENJEKSİYON'!$A:$A=$H$2)*('[1]PROSES ENJEKSİYON'!$F:$F=A60),0)),"")} | I60: {=IFERROR(INDEX('[1]PROSES ENJEKSİYON'!$J:$J,MATCH(1,('[1]PROSES ENJEKSİYON'!$A:$A=$H$2)*('[1]PROSES ENJEKSİYON'!$F:$F=A60),0)),"")} | J60: {=IFERROR(INDEX('[1]PROSES ENJEKSİYON'!$K:$K,MATCH(1,('[1]PROSES ENJEKSİYON'!$A:$A=$H$2)*('[1]PROSES ENJEKSİYON'!$F:$F=A60),0)),"")} | K60: {=IFERROR(INDEX('[1]PROSES ENJEKSİYON'!$L:$L,MATCH(1,('[1]PROSES ENJEKSİYON'!$A:$A=$H$2)*('[1]PROSES ENJEKSİYON'!$F:$F=A60),0)),"")} | L60: {=IFERROR(INDEX('[1]PROSES ENJEKSİYON'!$G:$G,MATCH(1,('[1]PROSES ENJEKSİYON'!$A:$A=$H$2)*('[1]PROSES ENJEKSİYON'!$F:$F=E60),0)),"")} | M60: {=IFERROR(INDEX('[1]PROSES ENJEKSİYON'!$J:$J,MATCH(1,('[1]PROSES ENJEKSİYON'!$A:$A=$H$2)*('[1]PROSES ENJEKSİYON'!$F:$F=E60),0)),"")} | N60: {=IFERROR(INDEX('[1]PROSES ENJEKSİYON'!$K:$K,MATCH(1,('[1]PROSES ENJEKSİYON'!$A:$A=$H$2)*('[1]PROSES ENJEKSİYON'!$F:$F=E60),0)),"")} | O60: {=IFERROR(INDEX('[1]PROSES ENJEKSİYON'!$L:$L,MATCH(1,('[1]PROSES ENJEKSİYON'!$A:$A=$H$2)*('[1]PROSES ENJEKSİYON'!$F:$F=E60),0)),"")} | P60: {=IFERROR(INDEX('[1]PROSES ENJEKSİYON'!$G:$G,MATCH(1,('[1]PROSES ENJEKSİYON'!$A:$A=$P$2)*('[1]PROSES ENJEKSİYON'!$F:$F=A60),0)),"")} | Q60: {=IFERROR(INDEX('[1]PROSES ENJEKSİYON'!$J:$J,MATCH(1,('[1]PROSES ENJEKSİYON'!$A:$A=$P$2)*('[1]PROSES ENJEKSİYON'!$F:$F=A60),0)),"")} | R60: {=IFERROR(INDEX('[1]PROSES ENJEKSİYON'!$K:$K,MATCH(1,('[1]PROSES ENJEKSİYON'!$A:$A=$P$2)*('[1]PROSES ENJEKSİYON'!$F:$F=A60),0)),"")} | S60: {=IFERROR(INDEX('[1]PROSES ENJEKSİYON'!$L:$L,MATCH(1,('[1]PROSES ENJEKSİYON'!$A:$A=$P$2)*('[1]PROSES ENJEKSİYON'!$F:$F=A60),0)),"")} | T60: {=IFERROR(INDEX('[1]PROSES ENJEKSİYON'!$G:$G,MATCH(1,('[1]PROSES ENJEKSİYON'!$A:$A=$T$2)*('[1]PROSES ENJEKSİYON'!$F:$F=A60),0)),"")} | U60: {=IFERROR(INDEX('[1]PROSES ENJEKSİYON'!$J:$J,MATCH(1,('[1]PROSES ENJEKSİYON'!$A:$A=$T$2)*('[1]PROSES ENJEKSİYON'!$F:$F=A60),0)),"")} | V60: {=IFERROR(INDEX('[1]PROSES ENJEKSİYON'!$K:$K,MATCH(1,('[1]PROSES ENJEKSİYON'!$A:$A=$T$2)*('[1]PROSES ENJEKSİYON'!$F:$F=A60),0)),"")} | W60: {=IFERROR(INDEX('[1]PROSES ENJEKSİYON'!$L:$L,MATCH(1,('[1]PROSES ENJEKSİYON'!$A:$A=$T$2)*('[1]PROSES ENJEKSİYON'!$F:$F=A60),0)),"")} | X60: {=IFERROR(INDEX('[1]PROSES ENJEKSİYON'!$G:$G,MATCH(1,('[1]PROSES ENJEKSİYON'!$A:$A=$X$2)*('[1]PROSES ENJEKSİYON'!$F:$F=A60),0)),"")} | Y60: {=IFERROR(INDEX('[1]PROSES ENJEKSİYON'!$J:$J,MATCH(1,('[1]PROSES ENJEKSİYON'!$A:$A=$X$2)*('[1]PROSES ENJEKSİYON'!$F:$F=A60),0)),"")} | Z60: {=IFERROR(INDEX('[1]PROSES ENJEKSİYON'!$K:$K,MATCH(1,('[1]PROSES ENJEKSİYON'!$A:$A=$X$2)*('[1]PROSES ENJEKSİYON'!$F:$F=A60),0)),"")} | AA60: {=IFERROR(INDEX('[1]PROSES ENJEKSİYON'!$L:$L,MATCH(1,('[1]PROSES ENJEKSİYON'!$A:$A=$X$2)*('[1]PROSES ENJEKSİYON'!$F:$F=A60),0)),"")} | AB60: {=IFERROR(INDEX('[1]PROSES ENJEKSİYON'!$G:$G,MATCH(1,('[1]PROSES ENJEKSİYON'!$A:$A=$H$2)*('[1]PROSES ENJEKSİYON'!$F:$F=U60),0)),"")} | AC60: {=IFERROR(INDEX('[1]PROSES ENJEKSİYON'!$J:$J,MATCH(1,('[1]PROSES ENJEKSİYON'!$A:$A=$H$2)*('[1]PROSES ENJEKSİYON'!$F:$F=U60),0)),"")} | AD60: {=IFERROR(INDEX('[1]PROSES ENJEKSİYON'!$K:$K,MATCH(1,('[1]PROSES ENJEKSİYON'!$A:$A=$H$2)*('[1]PROSES ENJEKSİYON'!$F:$F=U60),0)),"")} | AE60: {=IFERROR(INDEX('[1]PROSES ENJEKSİYON'!$L:$L,MATCH(1,('[1]PROSES ENJEKSİYON'!$A:$A=$H$2)*('[1]PROSES ENJEKSİYON'!$F:$F=U60),0)),"")}
A61: 182 | H61: {=IFERROR(INDEX('[1]PROSES ENJEKSİYON'!$G:$G,MATCH(1,('[1]PROSES ENJEKSİYON'!$A:$A=$H$2)*('[1]PROSES ENJEKSİYON'!$F:$F=A61),0)),"")} | I61: {=IFERROR(INDEX('[1]PROSES ENJEKSİYON'!$J:$J,MATCH(1,('[1]PROSES ENJEKSİYON'!$A:$A=$H$2)*('[1]PROSES ENJEKSİYON'!$F:$F=A61),0)),"")} | J61: {=IFERROR(INDEX('[1]PROSES ENJEKSİYON'!$K:$K,MATCH(1,('[1]PROSES ENJEKSİYON'!$A:$A=$H$2)*('[1]PROSES ENJEKSİYON'!$F:$F=A61),0)),"")} | K61: {=IFERROR(INDEX('[1]PROSES ENJEKSİYON'!$L:$L,MATCH(1,('[1]PROSES ENJEKSİYON'!$A:$A=$H$2)*('[1]PROSES ENJEKSİYON'!$F:$F=A61),0)),"")} | L61: {=IFERROR(INDEX('[1]PROSES ENJEKSİYON'!$G:$G,MATCH(1,('[1]PROSES ENJEKSİYON'!$A:$A=$L$2)*('[1]PROSES ENJEKSİYON'!$F:$F=A61),0)),"")} | M61: {=IFERROR(INDEX('[1]PROSES ENJEKSİYON'!$J:$J,MATCH(1,('[1]PROSES ENJEKSİYON'!$A:$A=$L$2)*('[1]PROSES ENJEKSİYON'!$F:$F=A61),0)),"")} | N61: {=IFERROR(INDEX('[1]PROSES ENJEKSİYON'!$K:$K,MATCH(1,('[1]PROSES ENJEKSİYON'!$A:$A=$L$2)*('[1]PROSES ENJEKSİYON'!$F:$F=A61),0)),"")} | O61: {=IFERROR(INDEX('[1]PROSES ENJEKSİYON'!$L:$L,MATCH(1,('[1]PROSES ENJEKSİYON'!$A:$A=$L$2)*('[1]PROSES ENJEKSİYON'!$F:$F=A61),0)),"")} | P61: {=IFERROR(INDEX('[1]PROSES ENJEKSİYON'!$G:$G,MATCH(1,('[1]PROSES ENJEKSİYON'!$A:$A=$P$2)*('[1]PROSES ENJEKSİYON'!$F:$F=A61),0)),"")} -> MM-PET0170-01-028Y-026 - PET0170-01 400ML SEFFAF YESIL 28MM YIVLI 26GR | Q61: {=IFERROR(INDEX('[1]PROSES ENJEKSİYON'!$J:$J,MATCH(1,('[1]PROSES ENJEKSİYON'!$A:$A=$P$2)*('[1]PROSES ENJEKSİYON'!$F:$F=A61),0)),"")} -> 4 | R61: {=IFERROR(INDEX('[1]PROSES ENJEKSİYON'!$K:$K,MATCH(1,('[1]PROSES ENJEKSİYON'!$A:$A=$P$2)*('[1]PROSES ENJEKSİYON'!$F:$F=A61),0)),"")} -> 4 | S61: {=IFERROR(INDEX('[1]PROSES ENJEKSİYON'!$L:$L,MATCH(1,('[1]PROSES ENJEKSİYON'!$A:$A=$P$2)*('[1]PROSES ENJEKSİYON'!$F:$F=A61),0)),"")} -> 14.05 | T61: {=IFERROR(INDEX('[1]PROSES ENJEKSİYON'!$G:$G,MATCH(1,('[1]PROSES ENJEKSİYON'!$A:$A=$T$2)*('[1]PROSES ENJEKSİYON'!$F:$F=A61),0)),"")} -> PET0170-01 400ML SEFFAF YESIL 28MM YIVLI 26GR | U61: {=IFERROR(INDEX('[1]PROSES ENJEKSİYON'!$J:$J,MATCH(1,('[1]PROSES ENJEKSİYON'!$A:$A=$T$2)*('[1]PROSES ENJEKSİYON'!$F:$F=A61),0)),"")} -> 4 | V61: {=IFERROR(INDEX('[1]PROSES ENJEKSİYON'!$K:$K,MATCH(1,('[1]PROSES ENJEKSİYON'!$A:$A=$T$2)*('[1]PROSES ENJEKSİYON'!$F:$F=A61),0)),"")} -> 4 | W61: {=IFERROR(INDEX('[1]PROSES ENJEKSİYON'!$L:$L,MATCH(1,('[1]PROSES ENJEKSİYON'!$A:$A=$T$2)*('[1]PROSES ENJEKSİYON'!$F:$F=A61),0)),"")} -> 14.05 | X61: {=IFERROR(INDEX('[1]PROSES ENJEKSİYON'!$G:$G,MATCH(1,('[1]PROSES ENJEKSİYON'!$A:$A=$X$2)*('[1]PROSES ENJEKSİYON'!$F:$F=A61),0)),"")} | Y61: {=IFERROR(INDEX('[1]PROSES ENJEKSİYON'!$J:$J,MATCH(1,('[1]PROSES ENJEKSİYON'!$A:$A=$X$2)*('[1]PROSES ENJEKSİYON'!$F:$F=A61),0)),"")} | Z61: {=IFERROR(INDEX('[1]PROSES ENJEKSİYON'!$K:$K,MATCH(1,('[1]PROSES ENJEKSİYON'!$A:$A=$X$2)*('[1]PROSES ENJEKSİYON'!$F:$F=A61),0)),"")} | AA61: {=IFERROR(INDEX('[1]PROSES ENJEKSİYON'!$L:$L,MATCH(1,('[1]PROSES ENJEKSİYON'!$A:$A=$X$2)*('[1]PROSES ENJEKSİYON'!$F:$F=A61),0)),"")} | AB61: {=IFERROR(INDEX('[1]PROSES ENJEKSİYON'!$G:$G,MATCH(1,('[1]PROSES ENJEKSİYON'!$A:$A=$H$2)*('[1]PROSES ENJEKSİYON'!$F:$F=U61),0)),"")} | AC61: {=IFERROR(INDEX('[1]PROSES ENJEKSİYON'!$J:$J,MATCH(1,('[1]PROSES ENJEKSİYON'!$A:$A=$H$2)*('[1]PROSES ENJEKSİYON'!$F:$F=U61),0)),"")} | AD61: {=IFERROR(INDEX('[1]PROSES ENJEKSİYON'!$K:$K,MATCH(1,('[1]PROSES ENJEKSİYON'!$A:$A=$H$2)*('[1]PROSES ENJEKSİYON'!$F:$F=U61),0)),"")} | AE61: {=IFERROR(INDEX('[1]PROSES ENJEKSİYON'!$L:$L,MATCH(1,('[1]PROSES ENJEKSİYON'!$A:$A=$H$2)*('[1]PROSES ENJEKSİYON'!$F:$F=U61),0)),"")}
A62: 171 | H62: {=IFERROR(INDEX('[1]PROSES ENJEKSİYON'!$G:$G,MATCH(1,('[1]PROSES ENJEKSİYON'!$A:$A=$H$2)*('[1]PROSES ENJEKSİYON'!$F:$F=A62),0)),"")} | I62: {=IFERROR(INDEX('[1]PROSES ENJEKSİYON'!$J:$J,MATCH(1,('[1]PROSES ENJEKSİYON'!$A:$A=$H$2)*('[1]PROSES ENJEKSİYON'!$F:$F=A62),0)),"")} | J62: {=IFERROR(INDEX('[1]PROSES ENJEKSİYON'!$K:$K,MATCH(1,('[1]PROSES ENJEKSİYON'!$A:$A=$H$2)*('[1]PROSES ENJEKSİYON'!$F:$F=A62),0)),"")} | K62: {=IFERROR(INDEX('[1]PROSES ENJEKSİYON'!$L:$L,MATCH(1,('[1]PROSES ENJEKSİYON'!$A:$A=$H$2)*('[1]PROSES ENJEKSİYON'!$F:$F=A62),0)),"")} | L62: {=IFERROR(INDEX('[1]PROSES ENJEKSİYON'!$G:$G,MATCH(1,('[1]PROSES ENJEKSİYON'!$A:$A=$L$2)*('[1]PROSES ENJEKSİYON'!$F:$F=A62),0)),"")} | M62: {=IFERROR(INDEX('[1]PROSES ENJEKSİYON'!$J:$J,MATCH(1,('[1]PROSES ENJEKSİYON'!$A:$A=$L$2)*('[1]PROSES ENJEKSİYON'!$F:$F=A62),0)),"")} | N62: {=IFERROR(INDEX('[1]PROSES ENJEKSİYON'!$K:$K,MATCH(1,('[1]PROSES ENJEKSİYON'!$A:$A=$L$2)*('[1]PROSES ENJEKSİYON'!$F:$F=A62),0)),"")} | O62: {=IFERROR(INDEX('[1]PROSES ENJEKSİYON'!$L:$L,MATCH(1,('[1]PROSES ENJEKSİYON'!$A:$A=$L$2)*('[1]PROSES ENJEKSİYON'!$F:$F=A62),0)),"")} | P62: {=IFERROR(INDEX('[1]PROSES ENJEKSİYON'!$G:$G,MATCH(1,('[1]PROSES ENJEKSİYON'!$A:$A=$P$2)*('[1]PROSES ENJEKSİYON'!$F:$F=A62),0)),"")} | Q62: {=IFERROR(INDEX('[1]PROSES ENJEKSİYON'!$J:$J,MATCH(1,('[1]PROSES ENJEKSİYON'!$A:$A=$P$2)*('[1]PROSES ENJEKSİYON'!$F:$F=A62),0)),"")} | R62: {=IFERROR(INDEX('[1]PROSES ENJEKSİYON'!$K:$K,MATCH(1,('[1]PROSES ENJEKSİYON'!$A:$A=$P$2)*('[1]PROSES ENJEKSİYON'!$F:$F=A62),0)),"")} | S62: {=IFERROR(INDEX('[1]PROSES ENJEKSİYON'!$L:$L,MATCH(1,('[1]PROSES ENJEKSİYON'!$A:$A=$P$2)*('[1]PROSES ENJEKSİYON'!$F:$F=A62),0)),"")} | T62: {=IFERROR(INDEX('[1]PROSES ENJEKSİYON'!$G:$G,MATCH(1,('[1]PROSES ENJEKSİYON'!$A:$A=$T$2)*('[1]PROSES ENJEKSİYON'!$F:$F=A62),0)),"")} | U62: {=IFERROR(INDEX('[1]PROSES ENJEKSİYON'!$J:$J,MATCH(1,('[1]PROSES ENJEKSİYON'!$A:$A=$T$2)*('[1]PROSES ENJEKSİYON'!$F:$F=A62),0)),"")} | V62: {=IFERROR(INDEX('[1]PROSES ENJEKSİYON'!$K:$K,MATCH(1,('[1]PROSES ENJEKSİYON'!$A:$A=$T$2)*('[1]PROSES ENJEKSİYON'!$F:$F=A62),0)),"")} | W62: {=IFERROR(INDEX('[1]PROSES ENJEKSİYON'!$L:$L,MATCH(1,('[1]PROSES ENJEKSİYON'!$A:$A=$T$2)*('[1]PROSES ENJEKSİYON'!$F:$F=A62),0)),"")} | X62: {=IFERROR(INDEX('[1]PROSES ENJEKSİYON'!$G:$G,MATCH(1,('[1]PROSES ENJEKSİYON'!$A:$A=$X$2)*('[1]PROSES ENJEKSİYON'!$F:$F=A62),0)),"")} | Y62: {=IFERROR(INDEX('[1]PROSES ENJEKSİYON'!$J:$J,MATCH(1,('[1]PROSES ENJEKSİYON'!$A:$A=$X$2)*('[1]PROSES ENJEKSİYON'!$F:$F=A62),0)),"")} | Z62: {=IFERROR(INDEX('[1]PROSES ENJEKSİYON'!$K:$K,MATCH(1,('[1]PROSES ENJEKSİYON'!$A:$A=$X$2)*('[1]PROSES ENJEKSİYON'!$F:$F=A62),0)),"")} | AA62: {=IFERROR(INDEX('[1]PROSES ENJEKSİYON'!$L:$L,MATCH(1,('[1]PROSES ENJEKSİYON'!$A:$A=$X$2)*('[1]PROSES ENJEKSİYON'!$F:$F=A62),0)),"")} | AB62: {=IFERROR(INDEX('[1]PROSES ENJEKSİYON'!$G:$G,MATCH(1,('[1]PROSES ENJEKSİYON'!$A:$A=$H$2)*('[1]PROSES ENJEKSİYON'!$F:$F=U62),0)),"")} | AC62: {=IFERROR(INDEX('[1]PROSES ENJEKSİYON'!$J:$J,MATCH(1,('[1]PROSES ENJEKSİYON'!$A:$A=$H$2)*('[1]PROSES ENJEKSİYON'!$F:$F=U62),0)),"")} | AD62: {=IFERROR(INDEX('[1]PROSES ENJEKSİYON'!$K:$K,MATCH(1,('[1]PROSES ENJEKSİYON'!$A:$A=$H$2)*('[1]PROSES ENJEKSİYON'!$F:$F=U62),0)),"")} | AE62: {=IFERROR(INDEX('[1]PROSES ENJEKSİYON'!$L:$L,MATCH(1,('[1]PROSES ENJEKSİYON'!$A:$A=$H$2)*('[1]PROSES ENJEKSİYON'!$F:$F=U62),0)),"")}
A63: 172 | H63: {=IFERROR(INDEX('[1]PROSES ENJEKSİYON'!$G:$G,MATCH(1,('[1]PROSES ENJEKSİYON'!$A:$A=$H$2)*('[1]PROSES ENJEKSİYON'!$F:$F=A63),0)),"")} -> PET0202-01 900ML SEFFAF SARI 28MM YIVLI 45GR | I63: {=IFERROR(INDEX('[1]PROSES ENJEKSİYON'!$J:$J,MATCH(1,('[1]PROSES ENJEKSİYON'!$A:$A=$H$2)*('[1]PROSES ENJEKSİYON'!$F:$F=A63),0)),"")} -> 4 | J63: {=IFERROR(INDEX('[1]PROSES ENJEKSİYON'!$K:$K,MATCH(1,('[1]PROSES ENJEKSİYON'!$A:$A=$H$2)*('[1]PROSES ENJEKSİYON'!$F:$F=A63),0)),"")} -> 4 | K63: {=IFERROR(INDEX('[1]PROSES ENJEKSİYON'!$L:$L,MATCH(1,('[1]PROSES ENJEKSİYON'!$A:$A=$H$2)*('[1]PROSES ENJEKSİYON'!$F:$F=A63),0)),"")} -> 15.74 | L63: {=IFERROR(INDEX('[1]PROSES ENJEKSİYON'!$G:$G,MATCH(1,('[1]PROSES ENJEKSİYON'!$A:$A=$L$2)*('[1]PROSES ENJEKSİYON'!$F:$F=A63),0)),"")} | M63: {=IFERROR(INDEX('[1]PROSES ENJEKSİYON'!$J:$J,MATCH(1,('[1]PROSES ENJEKSİYON'!$A:$A=$L$2)*('[1]PROSES ENJEKSİYON'!$F:$F=A63),0)),"")} | N63: {=IFERROR(INDEX('[1]PROSES ENJEKSİYON'!$K:$K,MATCH(1,('[1]PROSES ENJEKSİYON'!$A:$A=$L$2)*('[1]PROSES ENJEKSİYON'!$F:$F=A63),0)),"")} | O63: {=IFERROR(INDEX('[1]PROSES ENJEKSİYON'!$L:$L,MATCH(1,('[1]PROSES ENJEKSİYON'!$A:$A=$L$2)*('[1]PROSES ENJEKSİYON'!$F:$F=A63),0)),"")} | P63: {=IFERROR(INDEX('[1]PROSES ENJEKSİYON'!$G:$G,MATCH(1,('[1]PROSES ENJEKSİYON'!$A:$A=$P$2)*('[1]PROSES ENJEKSİYON'!$F:$F=A63),0)),"")} -> MM-PET0274-02-028Y-052 - PET0274-02 1000ML SEFFAF SEFFAF 28MM YIVLI 52GR | Q63: {=IFERROR(INDEX('[1]PROSES ENJEKSİYON'!$J:$J,MATCH(1,('[1]PROSES ENJEKSİYON'!$A:$A=$P$2)*('[1]PROSES ENJEKSİYON'!$F:$F=A63),0)),"")} -> 4 | R63: {=IFERROR(INDEX('[1]PROSES ENJEKSİYON'!$K:$K,MATCH(1,('[1]PROSES ENJEKSİYON'!$A:$A=$P$2)*('[1]PROSES ENJEKSİYON'!$F:$F=A63),0)),"")} -> 3 | S63: {=IFERROR(INDEX('[1]PROSES ENJEKSİYON'!$L:$L,MATCH(1,('[1]PROSES ENJEKSİYON'!$A:$A=$P$2)*('[1]PROSES ENJEKSİYON'!$F:$F=A63),0)),"")} -> 17.88 | T63: {=IFERROR(INDEX('[1]PROSES ENJEKSİYON'!$G:$G,MATCH(1,('[1]PROSES ENJEKSİYON'!$A:$A=$T$2)*('[1]PROSES ENJEKSİYON'!$F:$F=A63),0)),"")} -> PET0202-01 900ML SEFFAF SARI 28MM YIVLI 45GR | U63: {=IFERROR(INDEX('[1]PROSES ENJEKSİYON'!$J:$J,MATCH(1,('[1]PROSES ENJEKSİYON'!$A:$A=$T$2)*('[1]PROSES ENJEKSİYON'!$F:$F=A63),0)),"")} -> 4 | V63: {=IFERROR(INDEX('[1]PROSES ENJEKSİYON'!$K:$K,MATCH(1,('[1]PROSES ENJEKSİYON'!$A:$A=$T$2)*('[1]PROSES ENJEKSİYON'!$F:$F=A63),0)),"")} -> 4 | W63: {=IFERROR(INDEX('[1]PROSES ENJEKSİYON'!$L:$L,MATCH(1,('[1]PROSES ENJEKSİYON'!$A:$A=$T$2)*('[1]PROSES ENJEKSİYON'!$F:$F=A63),0)),"")} -> 16.52 | X63: {=IFERROR(INDEX('[1]PROSES ENJEKSİYON'!$G:$G,MATCH(1,('[1]PROSES ENJEKSİYON'!$A:$A=$X$2)*('[1]PROSES ENJEKSİYON'!$F:$F=A63),0)),"")} | Y63: {=IFERROR(INDEX('[1]PROSES ENJEKSİYON'!$J:$J,MATCH(1,('[1]PROSES ENJEKSİYON'!$A:$A=$X$2)*('[1]PROSES ENJEKSİYON'!$F:$F=A63),0)),"")} | Z63: {=IFERROR(INDEX('[1]PROSES ENJEKSİYON'!$K:$K,MATCH(1,('[1]PROSES ENJEKSİYON'!$A:$A=$X$2)*('[1]PROSES ENJEKSİYON'!$F:$F=A63),0)),"")} | AA63: {=IFERROR(INDEX('[1]PROSES ENJEKSİYON'!$L:$L,MATCH(1,('[1]PROSES ENJEKSİYON'!$A:$A=$X$2)*('[1]PROSES ENJEKSİYON'!$F:$F=A63),0)),"")} | AB63: {=IFERROR(INDEX('[1]PROSES ENJEKSİYON'!$G:$G,MATCH(1,('[1]PROSES ENJEKSİYON'!$A:$A=$H$2)*('[1]PROSES ENJEKSİYON'!$F:$F=U63),0)),"")} | AC63: {=IFERROR(INDEX('[1]PROSES ENJEKSİYON'!$J:$J,MATCH(1,('[1]PROSES ENJEKSİYON'!$A:$A=$H$2)*('[1]PROSES ENJEKSİYON'!$F:$F=U63),0)),"")} | AD63: {=IFERROR(INDEX('[1]PROSES ENJEKSİYON'!$K:$K,MATCH(1,('[1]PROSES ENJEKSİYON'!$A:$A=$H$2)*('[1]PROSES ENJEKSİYON'!$F:$F=U63),0)),"")} | AE63: {=IFERROR(INDEX('[1]PROSES ENJEKSİYON'!$L:$L,MATCH(1,('[1]PROSES ENJEKSİYON'!$A:$A=$H$2)*('[1]PROSES ENJEKSİYON'!$F:$F=U63),0)),"")}
A64: 173 | H64: {=IFERROR(INDEX('[1]PROSES ENJEKSİYON'!$G:$G,MATCH(1,('[1]PROSES ENJEKSİYON'!$A:$A=$H$2)*('[1]PROSES ENJEKSİYON'!$F:$F=A64),0)),"")} -> PET0019-01 650ML SEFFAF UV 28MM CAKMA 40GR | I64: {=IFERROR(INDEX('[1]PROSES ENJEKSİYON'!$J:$J,MATCH(1,('[1]PROSES ENJEKSİYON'!$A:$A=$H$2)*('[1]PROSES ENJEKSİYON'!$F:$F=A64),0)),"")} -> 5 | J64: {=IFERROR(INDEX('[1]PROSES ENJEKSİYON'!$K:$K,MATCH(1,('[1]PROSES ENJEKSİYON'!$A:$A=$H$2)*('[1]PROSES ENJEKSİYON'!$F:$F=A64),0)),"")} -> 5 | K64: {=IFERROR(INDEX('[1]PROSES ENJEKSİYON'!$L:$L,MATCH(1,('[1]PROSES ENJEKSİYON'!$A:$A=$H$2)*('[1]PROSES ENJEKSİYON'!$F:$F=A64),0)),"")} -> 16.89 | L64: {=IFERROR(INDEX('[1]PROSES ENJEKSİYON'!$G:$G,MATCH(1,('[1]PROSES ENJEKSİYON'!$A:$A=$L$2)*('[1]PROSES ENJEKSİYON'!$F:$F=A64),0)),"")} | M64: {=IFERROR(INDEX('[1]PROSES ENJEKSİYON'!$J:$J,MATCH(1,('[1]PROSES ENJEKSİYON'!$A:$A=$L$2)*('[1]PROSES ENJEKSİYON'!$F:$F=A64),0)),"")} | N64: {=IFERROR(INDEX('[1]PROSES ENJEKSİYON'!$K:$K,MATCH(1,('[1]PROSES ENJEKSİYON'!$A:$A=$L$2)*('[1]PROSES ENJEKSİYON'!$F:$F=A64),0)),"")} | O64: {=IFERROR(INDEX('[1]PROSES ENJEKSİYON'!$L:$L,MATCH(1,('[1]PROSES ENJEKSİYON'!$A:$A=$L$2)*('[1]PROSES ENJEKSİYON'!$F:$F=A64),0)),"")} | P64: {=IFERROR(INDEX('[1]PROSES ENJEKSİYON'!$G:$G,MATCH(1,('[1]PROSES ENJEKSİYON'!$A:$A=$P$2)*('[1]PROSES ENJEKSİYON'!$F:$F=A64),0)),"")} -> MM-PET0019-02-028C-040 - PET0019-02 650ML OPAK BEYAZ 28MM CAKMA 40GR | Q64: {=IFERROR(INDEX('[1]PROSES ENJEKSİYON'!$J:$J,MATCH(1,('[1]PROSES ENJEKSİYON'!$A:$A=$P$2)*('[1]PROSES ENJEKSİYON'!$F:$F=A64),0)),"")} -> 5 | R64: {=IFERROR(INDEX('[1]PROSES ENJEKSİYON'!$K:$K,MATCH(1,('[1]PROSES ENJEKSİYON'!$A:$A=$P$2)*('[1]PROSES ENJEKSİYON'!$F:$F=A64),0)),"")} -> 5 | S64: {=IFERROR(INDEX('[1]PROSES ENJEKSİYON'!$L:$L,MATCH(1,('[1]PROSES ENJEKSİYON'!$A:$A=$P$2)*('[1]PROSES ENJEKSİYON'!$F:$F=A64),0)),"")} -> 16.81 | T64: {=IFERROR(INDEX('[1]PROSES ENJEKSİYON'!$G:$G,MATCH(1,('[1]PROSES ENJEKSİYON'!$A:$A=$T$2)*('[1]PROSES ENJEKSİYON'!$F:$F=A64),0)),"")} -> PET0019-02 650ML OPAK BEYAZ 28MM CAKMA 40GR | U64: {=IFERROR(INDEX('[1]PROSES ENJEKSİYON'!$J:$J,MATCH(1,('[1]PROSES ENJEKSİYON'!$A:$A=$T$2)*('[1]PROSES ENJEKSİYON'!$F:$F=A64),0)),"")} -> 5 | V64: {=IFERROR(INDEX('[1]PROSES ENJEKSİYON'!$K:$K,MATCH(1,('[1]PROSES ENJEKSİYON'!$A:$A=$T$2)*('[1]PROSES ENJEKSİYON'!$F:$F=A64),0)),"")} -> 5 | W64: {=IFERROR(INDEX('[1]PROSES ENJEKSİYON'!$L:$L,MATCH(1,('[1]PROSES ENJEKSİYON'!$A:$A=$T$2)*('[1]PROSES ENJEKSİYON'!$F:$F=A64),0)),"")} -> 16.81 | X64: {=IFERROR(INDEX('[1]PROSES ENJEKSİYON'!$G:$G,MATCH(1,('[1]PROSES ENJEKSİYON'!$A:$A=$X$2)*('[1]PROSES ENJEKSİYON'!$F:$F=A64),0)),"")} | Y64: {=IFERROR(INDEX('[1]PROSES ENJEKSİYON'!$J:$J,MATCH(1,('[1]PROSES ENJEKSİYON'!$A:$A=$X$2)*('[1]PROSES ENJEKSİYON'!$F:$F=A64),0)),"")} | Z64: {=IFERROR(INDEX('[1]PROSES ENJEKSİYON'!$K:$K,MATCH(1,('[1]PROSES ENJEKSİYON'!$A:$A=$X$2)*('[1]PROSES ENJEKSİYON'!$F:$F=A64),0)),"")} | AA64: {=IFERROR(INDEX('[1]PROSES ENJEKSİYON'!$L:$L,MATCH(1,('[1]PROSES ENJEKSİYON'!$A:$A=$X$2)*('[1]PROSES ENJEKSİYON'!$F:$F=A64),0)),"")} | AB64: {=IFERROR(INDEX('[1]PROSES ENJEKSİYON'!$G:$G,MATCH(1,('[1]PROSES ENJEKSİYON'!$A:$A=$H$2)*('[1]PROSES ENJEKSİYON'!$F:$F=U64),0)),"")} | AC64: {=IFERROR(INDEX('[1]PROSES ENJEKSİYON'!$J:$J,MATCH(1,('[1]PROSES ENJEKSİYON'!$A:$A=$H$2)*('[1]PROSES ENJEKSİYON'!$F:$F=U64),0)),"")} | AD64: {=IFERROR(INDEX('[1]PROSES ENJEKSİYON'!$K:$K,MATCH(1,('[1]PROSES ENJEKSİYON'!$A:$A=$H$2)*('[1]PROSES ENJEKSİYON'!$F:$F=U64),0)),"")} | AE64: {=IFERROR(INDEX('[1]PROSES ENJEKSİYON'!$L:$L,MATCH(1,('[1]PROSES ENJEKSİYON'!$A:$A=$H$2)*('[1]PROSES ENJEKSİYON'!$F:$F=U64),0)),"")}
A65: 174 | H65: {=IFERROR(INDEX('[1]PROSES ENJEKSİYON'!$G:$G,MATCH(1,('[1]PROSES ENJEKSİYON'!$A:$A=$H$2)*('[1]PROSES ENJEKSİYON'!$F:$F=A65),0)),"")} | I65: {=IFERROR(INDEX('[1]PROSES ENJEKSİYON'!$J:$J,MATCH(1,('[1]PROSES ENJEKSİYON'!$A:$A=$H$2)*('[1]PROSES ENJEKSİYON'!$F:$F=A65),0)),"")} | J65: {=IFERROR(INDEX('[1]PROSES ENJEKSİYON'!$K:$K,MATCH(1,('[1]PROSES ENJEKSİYON'!$A:$A=$H$2)*('[1]PROSES ENJEKSİYON'!$F:$F=A65),0)),"")} | K65: {=IFERROR(INDEX('[1]PROSES ENJEKSİYON'!$L:$L,MATCH(1,('[1]PROSES ENJEKSİYON'!$A:$A=$H$2)*('[1]PROSES ENJEKSİYON'!$F:$F=A65),0)),"")} | L65: {=IFERROR(INDEX('[1]PROSES ENJEKSİYON'!$G:$G,MATCH(1,('[1]PROSES ENJEKSİYON'!$A:$A=$L$2)*('[1]PROSES ENJEKSİYON'!$F:$F=A65),0)),"")} | M65: {=IFERROR(INDEX('[1]PROSES ENJEKSİYON'!$J:$J,MATCH(1,('[1]PROSES ENJEKSİYON'!$A:$A=$L$2)*('[1]PROSES ENJEKSİYON'!$F:$F=A65),0)),"")} | N65: {=IFERROR(INDEX('[1]PROSES ENJEKSİYON'!$K:$K,MATCH(1,('[1]PROSES ENJEKSİYON'!$A:$A=$L$2)*('[1]PROSES ENJEKSİYON'!$F:$F=A65),0)),"")} | O65: {=IFERROR(INDEX('[1]PROSES ENJEKSİYON'!$L:$L,MATCH(1,('[1]PROSES ENJEKSİYON'!$A:$A=$L$2)*('[1]PROSES ENJEKSİYON'!$F:$F=A65),0)),"")} | P65: {=IFERROR(INDEX('[1]PROSES ENJEKSİYON'!$G:$G,MATCH(1,('[1]PROSES ENJEKSİYON'!$A:$A=$P$2)*('[1]PROSES ENJEKSİYON'!$F:$F=A65),0)),"")} -> MM-PET0185-01-100Y-045 - PET0185-01 500ML SEFFAF SEFFAF 100MM YIVLI 45GR | Q65: {=IFERROR(INDEX('[1]PROSES ENJEKSİYON'!$J:$J,MATCH(1,('[1]PROSES ENJEKSİYON'!$A:$A=$P$2)*('[1]PROSES ENJEKSİYON'!$F:$F=A65),0)),"")} -> 3 | R65: {=IFERROR(INDEX('[1]PROSES ENJEKSİYON'!$K:$K,MATCH(1,('[1]PROSES ENJEKSİYON'!$A:$A=$P$2)*('[1]PROSES ENJEKSİYON'!$F:$F=A65),0)),"")} -> 3 | S65: {=IFERROR(INDEX('[1]PROSES ENJEKSİYON'!$L:$L,MATCH(1,('[1]PROSES ENJEKSİYON'!$A:$A=$P$2)*('[1]PROSES ENJEKSİYON'!$F:$F=A65),0)),"")} -> 14.64 | T65: {=IFERROR(INDEX('[1]PROSES ENJEKSİYON'!$G:$G,MATCH(1,('[1]PROSES ENJEKSİYON'!$A:$A=$T$2)*('[1]PROSES ENJEKSİYON'!$F:$F=A65),0)),"")} -> PET0185-01 500ML SEFFAF SEFFAF 100MM YIVLI 45GR | U65: {=IFERROR(INDEX('[1]PROSES ENJEKSİYON'!$J:$J,MATCH(1,('[1]PROSES ENJEKSİYON'!$A:$A=$T$2)*('[1]PROSES ENJEKSİYON'!$F:$F=A65),0)),"")} -> 3 | V65: {=IFERROR(INDEX('[1]PROSES ENJEKSİYON'!$K:$K,MATCH(1,('[1]PROSES ENJEKSİYON'!$A:$A=$T$2)*('[1]PROSES ENJEKSİYON'!$F:$F=A65),0)),"")} -> 3 | W65: {=IFERROR(INDEX('[1]PROSES ENJEKSİYON'!$L:$L,MATCH(1,('[1]PROSES ENJEKSİYON'!$A:$A=$T$2)*('[1]PROSES ENJEKSİYON'!$F:$F=A65),0)),"")} -> 14.61 | X65: {=IFERROR(INDEX('[1]PROSES ENJEKSİYON'!$G:$G,MATCH(1,('[1]PROSES ENJEKSİYON'!$A:$A=$X$2)*('[1]PROSES ENJEKSİYON'!$F:$F=A65),0)),"")} | Y65: {=IFERROR(INDEX('[1]PROSES ENJEKSİYON'!$J:$J,MATCH(1,('[1]PROSES ENJEKSİYON'!$A:$A=$X$2)*('[1]PROSES ENJEKSİYON'!$F:$F=A65),0)),"")} | Z65: {=IFERROR(INDEX('[1]PROSES ENJEKSİYON'!$K:$K,MATCH(1,('[1]PROSES ENJEKSİYON'!$A:$A=$X$2)*('[1]PROSES ENJEKSİYON'!$F:$F=A65),0)),"")} | AA65: {=IFERROR(INDEX('[1]PROSES ENJEKSİYON'!$L:$L,MATCH(1,('[1]PROSES ENJEKSİYON'!$A:$A=$X$2)*('[1]PROSES ENJEKSİYON'!$F:$F=A65),0)),"")} | AB65: {=IFERROR(INDEX('[1]PROSES ENJEKSİYON'!$G:$G,MATCH(1,('[1]PROSES ENJEKSİYON'!$A:$A=$H$2)*('[1]PROSES ENJEKSİYON'!$F:$F=U65),0)),"")} | AC65: {=IFERROR(INDEX('[1]PROSES ENJEKSİYON'!$J:$J,MATCH(1,('[1]PROSES ENJEKSİYON'!$A:$A=$H$2)*('[1]PROSES ENJEKSİYON'!$F:$F=U65),0)),"")} | AD65: {=IFERROR(INDEX('[1]PROSES ENJEKSİYON'!$K:$K,MATCH(1,('[1]PROSES ENJEKSİYON'!$A:$A=$H$2)*('[1]PROSES ENJEKSİYON'!$F:$F=U65),0)),"")} | AE65: {=IFERROR(INDEX('[1]PROSES ENJEKSİYON'!$L:$L,MATCH(1,('[1]PROSES ENJEKSİYON'!$A:$A=$H$2)*('[1]PROSES ENJEKSİYON'!$F:$F=U65),0)),"")}
A66: 175 | H66: {=IFERROR(INDEX('[1]PROSES ENJEKSİYON'!$G:$G,MATCH(1,('[1]PROSES ENJEKSİYON'!$A:$A=$H$2)*('[1]PROSES ENJEKSİYON'!$F:$F=A66),0)),"")} | I66: {=IFERROR(INDEX('[1]PROSES ENJEKSİYON'!$J:$J,MATCH(1,('[1]PROSES ENJEKSİYON'!$A:$A=$H$2)*('[1]PROSES ENJEKSİYON'!$F:$F=A66),0)),"")} | J66: {=IFERROR(INDEX('[1]PROSES ENJEKSİYON'!$K:$K,MATCH(1,('[1]PROSES ENJEKSİYON'!$A:$A=$H$2)*('[1]PROSES ENJEKSİYON'!$F:$F=A66),0)),"")} | K66: {=IFERROR(INDEX('[1]PROSES ENJEKSİYON'!$L:$L,MATCH(1,('[1]PROSES ENJEKSİYON'!$A:$A=$H$2)*('[1]PROSES ENJEKSİYON'!$F:$F=A66),0)),"")} | L66: {=IFERROR(INDEX('[1]PROSES ENJEKSİYON'!$G:$G,MATCH(1,('[1]PROSES ENJEKSİYON'!$A:$A=$L$2)*('[1]PROSES ENJEKSİYON'!$F:$F=A66),0)),"")} | M66: {=IFERROR(INDEX('[1]PROSES ENJEKSİYON'!$J:$J,MATCH(1,('[1]PROSES ENJEKSİYON'!$A:$A=$L$2)*('[1]PROSES ENJEKSİYON'!$F:$F=A66),0)),"")} | N66: {=IFERROR(INDEX('[1]PROSES ENJEKSİYON'!$K:$K,MATCH(1,('[1]PROSES ENJEKSİYON'!$A:$A=$L$2)*('[1]PROSES ENJEKSİYON'!$F:$F=A66),0)),"")} | O66: {=IFERROR(INDEX('[1]PROSES ENJEKSİYON'!$L:$L,MATCH(1,('[1]PROSES ENJEKSİYON'!$A:$A=$L$2)*('[1]PROSES ENJEKSİYON'!$F:$F=A66),0)),"")} | P66: {=IFERROR(INDEX('[1]PROSES ENJEKSİYON'!$G:$G,MATCH(1,('[1]PROSES ENJEKSİYON'!$A:$A=$P$2)*('[1]PROSES ENJEKSİYON'!$F:$F=A66),0)),"")} -> MM-PET0238-01-028C-035 - PET0238-01 450ML SEFFAF UV 28MM CAKMA 35GR | Q66: {=IFERROR(INDEX('[1]PROSES ENJEKSİYON'!$J:$J,MATCH(1,('[1]PROSES ENJEKSİYON'!$A:$A=$P$2)*('[1]PROSES ENJEKSİYON'!$F:$F=A66),0)),"")} -> 5 | R66: {=IFERROR(INDEX('[1]PROSES ENJEKSİYON'!$K:$K,MATCH(1,('[1]PROSES ENJEKSİYON'!$A:$A=$P$2)*('[1]PROSES ENJEKSİYON'!$F:$F=A66),0)),"")} -> 5 | S66: {=IFERROR(INDEX('[1]PROSES ENJEKSİYON'!$L:$L,MATCH(1,('[1]PROSES ENJEKSİYON'!$A:$A=$P$2)*('[1]PROSES ENJEKSİYON'!$F:$F=A66),0)),"")} -> 15.21 | T66: {=IFERROR(INDEX('[1]PROSES ENJEKSİYON'!$G:$G,MATCH(1,('[1]PROSES ENJEKSİYON'!$A:$A=$T$2)*('[1]PROSES ENJEKSİYON'!$F:$F=A66),0)),"")} -> PET0238-01 450ML SEFFAF UV 28MM CAKMA 35GR | U66: {=IFERROR(INDEX('[1]PROSES ENJEKSİYON'!$J:$J,MATCH(1,('[1]PROSES ENJEKSİYON'!$A:$A=$T$2)*('[1]PROSES ENJEKSİYON'!$F:$F=A66),0)),"")} -> 5 | V66: {=IFERROR(INDEX('[1]PROSES ENJEKSİYON'!$K:$K,MATCH(1,('[1]PROSES ENJEKSİYON'!$A:$A=$T$2)*('[1]PROSES ENJEKSİYON'!$F:$F=A66),0)),"")} -> 5 | W66: {=IFERROR(INDEX('[1]PROSES ENJEKSİYON'!$L:$L,MATCH(1,('[1]PROSES ENJEKSİYON'!$A:$A=$T$2)*('[1]PROSES ENJEKSİYON'!$F:$F=A66),0)),"")} -> 15.22 | X66: {=IFERROR(INDEX('[1]PROSES ENJEKSİYON'!$G:$G,MATCH(1,('[1]PROSES ENJEKSİYON'!$A:$A=$X$2)*('[1]PROSES ENJEKSİYON'!$F:$F=A66),0)),"")} | Y66: {=IFERROR(INDEX('[1]PROSES ENJEKSİYON'!$J:$J,MATCH(1,('[1]PROSES ENJEKSİYON'!$A:$A=$X$2)*('[1]PROSES ENJEKSİYON'!$F:$F=A66),0)),"")} | Z66: {=IFERROR(INDEX('[1]PROSES ENJEKSİYON'!$K:$K,MATCH(1,('[1]PROSES ENJEKSİYON'!$A:$A=$X$2)*('[1]PROSES ENJEKSİYON'!$F:$F=A66),0)),"")} | AA66: {=IFERROR(INDEX('[1]PROSES ENJEKSİYON'!$L:$L,MATCH(1,('[1]PROSES ENJEKSİYON'!$A:$A=$X$2)*('[1]PROSES ENJEKSİYON'!$F:$F=A66),0)),"")} | AB66: {=IFERROR(INDEX('[1]PROSES ENJEKSİYON'!$G:$G,MATCH(1,('[1]PROSES ENJEKSİYON'!$A:$A=$H$2)*('[1]PROSES ENJEKSİYON'!$F:$F=U66),0)),"")} | AC66: {=IFERROR(INDEX('[1]PROSES ENJEKSİYON'!$J:$J,MATCH(1,('[1]PROSES ENJEKSİYON'!$A:$A=$H$2)*('[1]PROSES ENJEKSİYON'!$F:$F=U66),0)),"")} | AD66: {=IFERROR(INDEX('[1]PROSES ENJEKSİYON'!$K:$K,MATCH(1,('[1]PROSES ENJEKSİYON'!$A:$A=$H$2)*('[1]PROSES ENJEKSİYON'!$F:$F=U66),0)),"")} | AE66: {=IFERROR(INDEX('[1]PROSES ENJEKSİYON'!$L:$L,MATCH(1,('[1]PROSES ENJEKSİYON'!$A:$A=$H$2)*('[1]PROSES ENJEKSİYON'!$F:$F=U66),0)),"")}
A67: 176 | H67: {=IFERROR(INDEX('[1]PROSES ENJEKSİYON'!$G:$G,MATCH(1,('[1]PROSES ENJEKSİYON'!$A:$A=$H$2)*('[1]PROSES ENJEKSİYON'!$F:$F=A67),0)),"")} -> PET0015-05 1000ML OPAK TURKUAZ 28MM YIVLI 52GR | I67: {=IFERROR(INDEX('[1]PROSES ENJEKSİYON'!$J:$J,MATCH(1,('[1]PROSES ENJEKSİYON'!$A:$A=$H$2)*('[1]PROSES ENJEKSİYON'!$F:$F=A67),0)),"")} -> 5 | J67: {=IFERROR(INDEX('[1]PROSES ENJEKSİYON'!$K:$K,MATCH(1,('[1]PROSES ENJEKSİYON'!$A:$A=$H$2)*('[1]PROSES ENJEKSİYON'!$F:$F=A67),0)),"")} -> 5 | K67: {=IFERROR(INDEX('[1]PROSES ENJEKSİYON'!$L:$L,MATCH(1,('[1]PROSES ENJEKSİYON'!$A:$A=$H$2)*('[1]PROSES ENJEKSİYON'!$F:$F=A67),0)),"")} -> 18.5 | L67: {=IFERROR(INDEX('[1]PROSES ENJEKSİYON'!$G:$G,MATCH(1,('[1]PROSES ENJEKSİYON'!$A:$A=$L$2)*('[1]PROSES ENJEKSİYON'!$F:$F=A67),0)),"")} | M67: {=IFERROR(INDEX('[1]PROSES ENJEKSİYON'!$J:$J,MATCH(1,('[1]PROSES ENJEKSİYON'!$A:$A=$L$2)*('[1]PROSES ENJEKSİYON'!$F:$F=A67),0)),"")} | N67: {=IFERROR(INDEX('[1]PROSES ENJEKSİYON'!$K:$K,MATCH(1,('[1]PROSES ENJEKSİYON'!$A:$A=$L$2)*('[1]PROSES ENJEKSİYON'!$F:$F=A67),0)),"")} | O67: {=IFERROR(INDEX('[1]PROSES ENJEKSİYON'!$L:$L,MATCH(1,('[1]PROSES ENJEKSİYON'!$A:$A=$L$2)*('[1]PROSES ENJEKSİYON'!$F:$F=A67),0)),"")} | P67: {=IFERROR(INDEX('[1]PROSES ENJEKSİYON'!$G:$G,MATCH(1,('[1]PROSES ENJEKSİYON'!$A:$A=$P$2)*('[1]PROSES ENJEKSİYON'!$F:$F=A67),0)),"")} -> MM-PET0026-04-028Y-052 - PET0026-04 900ML OPAK BEYAZ 28MM YIVLI 52GR | Q67: {=IFERROR(INDEX('[1]PROSES ENJEKSİYON'!$J:$J,MATCH(1,('[1]PROSES ENJEKSİYON'!$A:$A=$P$2)*('[1]PROSES ENJEKSİYON'!$F:$F=A67),0)),"")} -> 5 | R67: {=IFERROR(INDEX('[1]PROSES ENJEKSİYON'!$K:$K,MATCH(1,('[1]PROSES ENJEKSİYON'!$A:$A=$P$2)*('[1]PROSES ENJEKSİYON'!$F:$F=A67),0)),"")} -> 5 | S67: {=IFERROR(INDEX('[1]PROSES ENJEKSİYON'!$L:$L,MATCH(1,('[1]PROSES ENJEKSİYON'!$A:$A=$P$2)*('[1]PROSES ENJEKSİYON'!$F:$F=A67),0)),"")} -> 18.01 | T67: {=IFERROR(INDEX('[1]PROSES ENJEKSİYON'!$G:$G,MATCH(1,('[1]PROSES ENJEKSİYON'!$A:$A=$T$2)*('[1]PROSES ENJEKSİYON'!$F:$F=A67),0)),"")} -> PET0015-04 1000ML OPAK MAVI 28MM YIVLI 52GR | U67: {=IFERROR(INDEX('[1]PROSES ENJEKSİYON'!$J:$J,MATCH(1,('[1]PROSES ENJEKSİYON'!$A:$A=$T$2)*('[1]PROSES ENJEKSİYON'!$F:$F=A67),0)),"")} -> 5 | V67: {=IFERROR(INDEX('[1]PROSES ENJEKSİYON'!$K:$K,MATCH(1,('[1]PROSES ENJEKSİYON'!$A:$A=$T$2)*('[1]PROSES ENJEKSİYON'!$F:$F=A67),0)),"")} -> 5 | W67: {=IFERROR(INDEX('[1]PROSES ENJEKSİYON'!$L:$L,MATCH(1,('[1]PROSES ENJEKSİYON'!$A:$A=$T$2)*('[1]PROSES ENJEKSİYON'!$F:$F=A67),0)),"")} -> 18.01 | X67: {=IFERROR(INDEX('[1]PROSES ENJEKSİYON'!$G:$G,MATCH(1,('[1]PROSES ENJEKSİYON'!$A:$A=$X$2)*('[1]PROSES ENJEKSİYON'!$F:$F=A67),0)),"")} | Y67: {=IFERROR(INDEX('[1]PROSES ENJEKSİYON'!$J:$J,MATCH(1,('[1]PROSES ENJEKSİYON'!$A:$A=$X$2)*('[1]PROSES ENJEKSİYON'!$F:$F=A67),0)),"")} | Z67: {=IFERROR(INDEX('[1]PROSES ENJEKSİYON'!$K:$K,MATCH(1,('[1]PROSES ENJEKSİYON'!$A:$A=$X$2)*('[1]PROSES ENJEKSİYON'!$F:$F=A67),0)),"")} | AA67: {=IFERROR(INDEX('[1]PROSES ENJEKSİYON'!$L:$L,MATCH(1,('[1]PROSES ENJEKSİYON'!$A:$A=$X$2)*('[1]PROSES ENJEKSİYON'!$F:$F=A67),0)),"")} | AB67: {=IFERROR(INDEX('[1]PROSES ENJEKSİYON'!$G:$G,MATCH(1,('[1]PROSES ENJEKSİYON'!$A:$A=$H$2)*('[1]PROSES ENJEKSİYON'!$F:$F=U67),0)),"")} | AC67: {=IFERROR(INDEX('[1]PROSES ENJEKSİYON'!$J:$J,MATCH(1,('[1]PROSES ENJEKSİYON'!$A:$A=$H$2)*('[1]PROSES ENJEKSİYON'!$F:$F=U67),0)),"")} | AD67: {=IFERROR(INDEX('[1]PROSES ENJEKSİYON'!$K:$K,MATCH(1,('[1]PROSES ENJEKSİYON'!$A:$A=$H$2)*('[1]PROSES ENJEKSİYON'!$F:$F=U67),0)),"")} | AE67: {=IFERROR(INDEX('[1]PROSES ENJEKSİYON'!$L:$L,MATCH(1,('[1]PROSES ENJEKSİYON'!$A:$A=$H$2)*('[1]PROSES ENJEKSİYON'!$F:$F=U67),0)),"")}
A68: 177 | H68: {=IFERROR(INDEX('[1]PROSES ENJEKSİYON'!$G:$G,MATCH(1,('[1]PROSES ENJEKSİYON'!$A:$A=$H$2)*('[1]PROSES ENJEKSİYON'!$F:$F=A68),0)),"")} -> PET0015-06 1000ML OPAK SEDEFLI MOR 28MM YIVLI 52GR | I68: {=IFERROR(INDEX('[1]PROSES ENJEKSİYON'!$J:$J,MATCH(1,('[1]PROSES ENJEKSİYON'!$A:$A=$H$2)*('[1]PROSES ENJEKSİYON'!$F:$F=A68),0)),"")} -> 4 | J68: {=IFERROR(INDEX('[1]PROSES ENJEKSİYON'!$K:$K,MATCH(1,('[1]PROSES ENJEKSİYON'!$A:$A=$H$2)*('[1]PROSES ENJEKSİYON'!$F:$F=A68),0)),"")} -> 4 | K68: {=IFERROR(INDEX('[1]PROSES ENJEKSİYON'!$L:$L,MATCH(1,('[1]PROSES ENJEKSİYON'!$A:$A=$H$2)*('[1]PROSES ENJEKSİYON'!$F:$F=A68),0)),"")} -> 17.76 | L68: {=IFERROR(INDEX('[1]PROSES ENJEKSİYON'!$G:$G,MATCH(1,('[1]PROSES ENJEKSİYON'!$A:$A=$L$2)*('[1]PROSES ENJEKSİYON'!$F:$F=A68),0)),"")} | M68: {=IFERROR(INDEX('[1]PROSES ENJEKSİYON'!$J:$J,MATCH(1,('[1]PROSES ENJEKSİYON'!$A:$A=$L$2)*('[1]PROSES ENJEKSİYON'!$F:$F=A68),0)),"")} | N68: {=IFERROR(INDEX('[1]PROSES ENJEKSİYON'!$K:$K,MATCH(1,('[1]PROSES ENJEKSİYON'!$A:$A=$L$2)*('[1]PROSES ENJEKSİYON'!$F:$F=A68),0)),"")} | O68: {=IFERROR(INDEX('[1]PROSES ENJEKSİYON'!$L:$L,MATCH(1,('[1]PROSES ENJEKSİYON'!$A:$A=$L$2)*('[1]PROSES ENJEKSİYON'!$F:$F=A68),0)),"")} | P68: {=IFERROR(INDEX('[1]PROSES ENJEKSİYON'!$G:$G,MATCH(1,('[1]PROSES ENJEKSİYON'!$A:$A=$P$2)*('[1]PROSES ENJEKSİYON'!$F:$F=A68),0)),"")} -> MM-PET0015-02-028Y-052 - PET0015-02 1000ML OPAK YESIL 28MM YIVLI 52GR | Q68: {=IFERROR(INDEX('[1]PROSES ENJEKSİYON'!$J:$J,MATCH(1,('[1]PROSES ENJEKSİYON'!$A:$A=$P$2)*('[1]PROSES ENJEKSİYON'!$F:$F=A68),0)),"")} -> 4 | R68: {=IFERROR(INDEX('[1]PROSES ENJEKSİYON'!$K:$K,MATCH(1,('[1]PROSES ENJEKSİYON'!$A:$A=$P$2)*('[1]PROSES ENJEKSİYON'!$F:$F=A68),0)),"")} -> 4 | S68: {=IFERROR(INDEX('[1]PROSES ENJEKSİYON'!$L:$L,MATCH(1,('[1]PROSES ENJEKSİYON'!$A:$A=$P$2)*('[1]PROSES ENJEKSİYON'!$F:$F=A68),0)),"")} -> 18.39 | T68: {=IFERROR(INDEX('[1]PROSES ENJEKSİYON'!$G:$G,MATCH(1,('[1]PROSES ENJEKSİYON'!$A:$A=$T$2)*('[1]PROSES ENJEKSİYON'!$F:$F=A68),0)),"")} -> PET0015-02 1000ML OPAK YESIL 28MM YIVLI 52GR | U68: {=IFERROR(INDEX('[1]PROSES ENJEKSİYON'!$J:$J,MATCH(1,('[1]PROSES ENJEKSİYON'!$A:$A=$T$2)*('[1]PROSES ENJEKSİYON'!$F:$F=A68),0)),"")} -> 4 | V68: {=IFERROR(INDEX('[1]PROSES ENJEKSİYON'!$K:$K,MATCH(1,('[1]PROSES ENJEKSİYON'!$A:$A=$T$2)*('[1]PROSES ENJEKSİYON'!$F:$F=A68),0)),"")} -> 4 | W68: {=IFERROR(INDEX('[1]PROSES ENJEKSİYON'!$L:$L,MATCH(1,('[1]PROSES ENJEKSİYON'!$A:$A=$T$2)*('[1]PROSES ENJEKSİYON'!$F:$F=A68),0)),"")} -> 18.36 | X68: {=IFERROR(INDEX('[1]PROSES ENJEKSİYON'!$G:$G,MATCH(1,('[1]PROSES ENJEKSİYON'!$A:$A=$X$2)*('[1]PROSES ENJEKSİYON'!$F:$F=A68),0)),"")} | Y68: {=IFERROR(INDEX('[1]PROSES ENJEKSİYON'!$J:$J,MATCH(1,('[1]PROSES ENJEKSİYON'!$A:$A=$X$2)*('[1]PROSES ENJEKSİYON'!$F:$F=A68),0)),"")} | Z68: {=IFERROR(INDEX('[1]PROSES ENJEKSİYON'!$K:$K,MATCH(1,('[1]PROSES ENJEKSİYON'!$A:$A=$X$2)*('[1]PROSES ENJEKSİYON'!$F:$F=A68),0)),"")} | AA68: {=IFERROR(INDEX('[1]PROSES ENJEKSİYON'!$L:$L,MATCH(1,('[1]PROSES ENJEKSİYON'!$A:$A=$X$2)*('[1]PROSES ENJEKSİYON'!$F:$F=A68),0)),"")} | AB68: {=IFERROR(INDEX('[1]PROSES ENJEKSİYON'!$G:$G,MATCH(1,('[1]PROSES ENJEKSİYON'!$A:$A=$H$2)*('[1]PROSES ENJEKSİYON'!$F:$F=U68),0)),"")} | AC68: {=IFERROR(INDEX('[1]PROSES ENJEKSİYON'!$J:$J,MATCH(1,('[1]PROSES ENJEKSİYON'!$A:$A=$H$2)*('[1]PROSES ENJEKSİYON'!$F:$F=U68),0)),"")} | AD68: {=IFERROR(INDEX('[1]PROSES ENJEKSİYON'!$K:$K,MATCH(1,('[1]PROSES ENJEKSİYON'!$A:$A=$H$2)*('[1]PROSES ENJEKSİYON'!$F:$F=U68),0)),"")} | AE68: {=IFERROR(INDEX('[1]PROSES ENJEKSİYON'!$L:$L,MATCH(1,('[1]PROSES ENJEKSİYON'!$A:$A=$H$2)*('[1]PROSES ENJEKSİYON'!$F:$F=U68),0)),"")}
A69: 131 | H69: {=IFERROR(INDEX('[1]PROSES ENJEKSİYON'!$G:$G,MATCH(1,('[1]PROSES ENJEKSİYON'!$A:$A=$H$2)*('[1]PROSES ENJEKSİYON'!$F:$F=A69),0)),"")} | I69: {=IFERROR(INDEX('[1]PROSES ENJEKSİYON'!$J:$J,MATCH(1,('[1]PROSES ENJEKSİYON'!$A:$A=$H$2)*('[1]PROSES ENJEKSİYON'!$F:$F=A69),0)),"")} | J69: {=IFERROR(INDEX('[1]PROSES ENJEKSİYON'!$K:$K,MATCH(1,('[1]PROSES ENJEKSİYON'!$A:$A=$H$2)*('[1]PROSES ENJEKSİYON'!$F:$F=A69),0)),"")} | K69: {=IFERROR(INDEX('[1]PROSES ENJEKSİYON'!$L:$L,MATCH(1,('[1]PROSES ENJEKSİYON'!$A:$A=$H$2)*('[1]PROSES ENJEKSİYON'!$F:$F=A69),0)),"")} | L69: {=IFERROR(INDEX('[1]PROSES ENJEKSİYON'!$G:$G,MATCH(1,('[1]PROSES ENJEKSİYON'!$A:$A=$L$2)*('[1]PROSES ENJEKSİYON'!$F:$F=A69),0)),"")} | M69: {=IFERROR(INDEX('[1]PROSES ENJEKSİYON'!$J:$J,MATCH(1,('[1]PROSES ENJEKSİYON'!$A:$A=$L$2)*('[1]PROSES ENJEKSİYON'!$F:$F=A69),0)),"")} | N69: {=IFERROR(INDEX('[1]PROSES ENJEKSİYON'!$K:$K,MATCH(1,('[1]PROSES ENJEKSİYON'!$A:$A=$L$2)*('[1]PROSES ENJEKSİYON'!$F:$F=A69),0)),"")} | O69: {=IFERROR(INDEX('[1]PROSES ENJEKSİYON'!$L:$L,MATCH(1,('[1]PROSES ENJEKSİYON'!$A:$A=$L$2)*('[1]PROSES ENJEKSİYON'!$F:$F=A69),0)),"")} | P69: {=IFERROR(INDEX('[1]PROSES ENJEKSİYON'!$G:$G,MATCH(1,('[1]PROSES ENJEKSİYON'!$A:$A=$P$2)*('[1]PROSES ENJEKSİYON'!$F:$F=A69),0)),"")} -> MM-PET0110-01-024Y-025 - PET0110-01 100ML SEFFAF TURUNCU 24MM YIVLI 25G | Q69: {=IFERROR(INDEX('[1]PROSES ENJEKSİYON'!$J:$J,MATCH(1,('[1]PROSES ENJEKSİYON'!$A:$A=$P$2)*('[1]PROSES ENJEKSİYON'!$F:$F=A69),0)),"")} -> 3 | R69: {=IFERROR(INDEX('[1]PROSES ENJEKSİYON'!$K:$K,MATCH(1,('[1]PROSES ENJEKSİYON'!$A:$A=$P$2)*('[1]PROSES ENJEKSİYON'!$F:$F=A69),0)),"")} -> 3 | S69: {=IFERROR(INDEX('[1]PROSES ENJEKSİYON'!$L:$L,MATCH(1,('[1]PROSES ENJEKSİYON'!$A:$A=$P$2)*('[1]PROSES ENJEKSİYON'!$F:$F=A69),0)),"")} -> 19.67 | T69: {=IFERROR(INDEX('[1]PROSES ENJEKSİYON'!$G:$G,MATCH(1,('[1]PROSES ENJEKSİYON'!$A:$A=$T$2)*('[1]PROSES ENJEKSİYON'!$F:$F=A69),0)),"")} -> PET0110-01 100ML SEFFAF TURUNCU 24MM YIVLI 25GR | U69: {=IFERROR(INDEX('[1]PROSES ENJEKSİYON'!$J:$J,MATCH(1,('[1]PROSES ENJEKSİYON'!$A:$A=$T$2)*('[1]PROSES ENJEKSİYON'!$F:$F=A69),0)),"")} -> 3 | V69: {=IFERROR(INDEX('[1]PROSES ENJEKSİYON'!$K:$K,MATCH(1,('[1]PROSES ENJEKSİYON'!$A:$A=$T$2)*('[1]PROSES ENJEKSİYON'!$F:$F=A69),0)),"")} -> 3 | W69: {=IFERROR(INDEX('[1]PROSES ENJEKSİYON'!$L:$L,MATCH(1,('[1]PROSES ENJEKSİYON'!$A:$A=$T$2)*('[1]PROSES ENJEKSİYON'!$F:$F=A69),0)),"")} -> 19.68 | X69: {=IFERROR(INDEX('[1]PROSES ENJEKSİYON'!$G:$G,MATCH(1,('[1]PROSES ENJEKSİYON'!$A:$A=$X$2)*('[1]PROSES ENJEKSİYON'!$F:$F=A69),0)),"")} | Y69: {=IFERROR(INDEX('[1]PROSES ENJEKSİYON'!$J:$J,MATCH(1,('[1]PROSES ENJEKSİYON'!$A:$A=$X$2)*('[1]PROSES ENJEKSİYON'!$F:$F=A69),0)),"")} | Z69: {=IFERROR(INDEX('[1]PROSES ENJEKSİYON'!$K:$K,MATCH(1,('[1]PROSES ENJEKSİYON'!$A:$A=$X$2)*('[1]PROSES ENJEKSİYON'!$F:$F=A69),0)),"")} | AA69: {=IFERROR(INDEX('[1]PROSES ENJEKSİYON'!$L:$L,MATCH(1,('[1]PROSES ENJEKSİYON'!$A:$A=$X$2)*('[1]PROSES ENJEKSİYON'!$F:$F=A69),0)),"")} | AB69: {=IFERROR(INDEX('[1]PROSES ENJEKSİYON'!$G:$G,MATCH(1,('[1]PROSES ENJEKSİYON'!$A:$A=$H$2)*('[1]PROSES ENJEKSİYON'!$F:$F=U69),0)),"")} | AC69: {=IFERROR(INDEX('[1]PROSES ENJEKSİYON'!$J:$J,MATCH(1,('[1]PROSES ENJEKSİYON'!$A:$A=$H$2)*('[1]PROSES ENJEKSİYON'!$F:$F=U69),0)),"")} | AD69: {=IFERROR(INDEX('[1]PROSES ENJEKSİYON'!$K:$K,MATCH(1,('[1]PROSES ENJEKSİYON'!$A:$A=$H$2)*('[1]PROSES ENJEKSİYON'!$F:$F=U69),0)),"")} | AE69: {=IFERROR(INDEX('[1]PROSES ENJEKSİYON'!$L:$L,MATCH(1,('[1]PROSES ENJEKSİYON'!$A:$A=$H$2)*('[1]PROSES ENJEKSİYON'!$F:$F=U69),0)),"")}
A70: 132 | H70: {=IFERROR(INDEX('[1]PROSES ENJEKSİYON'!$G:$G,MATCH(1,('[1]PROSES ENJEKSİYON'!$A:$A=$H$2)*('[1]PROSES ENJEKSİYON'!$F:$F=A70),0)),"")} -> PET0017-01 200ML SEFFAF SEFFAF 24MM YIVLI 25GR | I70: {=IFERROR(INDEX('[1]PROSES ENJEKSİYON'!$J:$J,MATCH(1,('[1]PROSES ENJEKSİYON'!$A:$A=$H$2)*('[1]PROSES ENJEKSİYON'!$F:$F=A70),0)),"")} -> 3 | J70: {=IFERROR(INDEX('[1]PROSES ENJEKSİYON'!$K:$K,MATCH(1,('[1]PROSES ENJEKSİYON'!$A:$A=$H$2)*('[1]PROSES ENJEKSİYON'!$F:$F=A70),0)),"")} -> 3 | K70: {=IFERROR(INDEX('[1]PROSES ENJEKSİYON'!$L:$L,MATCH(1,('[1]PROSES ENJEKSİYON'!$A:$A=$H$2)*('[1]PROSES ENJEKSİYON'!$F:$F=A70),0)),"")} -> 18.59 | L70: {=IFERROR(INDEX('[1]PROSES ENJEKSİYON'!$G:$G,MATCH(1,('[1]PROSES ENJEKSİYON'!$A:$A=$L$2)*('[1]PROSES ENJEKSİYON'!$F:$F=A70),0)),"")} | M70: {=IFERROR(INDEX('[1]PROSES ENJEKSİYON'!$J:$J,MATCH(1,('[1]PROSES ENJEKSİYON'!$A:$A=$L$2)*('[1]PROSES ENJEKSİYON'!$F:$F=A70),0)),"")} | N70: {=IFERROR(INDEX('[1]PROSES ENJEKSİYON'!$K:$K,MATCH(1,('[1]PROSES ENJEKSİYON'!$A:$A=$L$2)*('[1]PROSES ENJEKSİYON'!$F:$F=A70),0)),"")} | O70: {=IFERROR(INDEX('[1]PROSES ENJEKSİYON'!$L:$L,MATCH(1,('[1]PROSES ENJEKSİYON'!$A:$A=$L$2)*('[1]PROSES ENJEKSİYON'!$F:$F=A70),0)),"")} | P70: {=IFERROR(INDEX('[1]PROSES ENJEKSİYON'!$G:$G,MATCH(1,('[1]PROSES ENJEKSİYON'!$A:$A=$P$2)*('[1]PROSES ENJEKSİYON'!$F:$F=A70),0)),"")} -> MM-PET0064-06-024Y-025 - PET0064-06 200ML SEFFAF YESIL 24MM YIVLI 25GR | Q70: {=IFERROR(INDEX('[1]PROSES ENJEKSİYON'!$J:$J,MATCH(1,('[1]PROSES ENJEKSİYON'!$A:$A=$P$2)*('[1]PROSES ENJEKSİYON'!$F:$F=A70),0)),"")} -> 3 | R70: {=IFERROR(INDEX('[1]PROSES ENJEKSİYON'!$K:$K,MATCH(1,('[1]PROSES ENJEKSİYON'!$A:$A=$P$2)*('[1]PROSES ENJEKSİYON'!$F:$F=A70),0)),"")} -> 3 | S70: {=IFERROR(INDEX('[1]PROSES ENJEKSİYON'!$L:$L,MATCH(1,('[1]PROSES ENJEKSİYON'!$A:$A=$P$2)*('[1]PROSES ENJEKSİYON'!$F:$F=A70),0)),"")} -> 17.87 | T70: {=IFERROR(INDEX('[1]PROSES ENJEKSİYON'!$G:$G,MATCH(1,('[1]PROSES ENJEKSİYON'!$A:$A=$T$2)*('[1]PROSES ENJEKSİYON'!$F:$F=A70),0)),"")} -> PET0064-06 200ML SEFFAF YESIL 24MM YIVLI 25GR | U70: {=IFERROR(INDEX('[1]PROSES ENJEKSİYON'!$J:$J,MATCH(1,('[1]PROSES ENJEKSİYON'!$A:$A=$T$2)*('[1]PROSES ENJEKSİYON'!$F:$F=A70),0)),"")} -> 3 | V70: {=IFERROR(INDEX('[1]PROSES ENJEKSİYON'!$K:$K,MATCH(1,('[1]PROSES ENJEKSİYON'!$A:$A=$T$2)*('[1]PROSES ENJEKSİYON'!$F:$F=A70),0)),"")} -> 3 | W70: {=IFERROR(INDEX('[1]PROSES ENJEKSİYON'!$L:$L,MATCH(1,('[1]PROSES ENJEKSİYON'!$A:$A=$T$2)*('[1]PROSES ENJEKSİYON'!$F:$F=A70),0)),"")} -> 17.77 | X70: {=IFERROR(INDEX('[1]PROSES ENJEKSİYON'!$G:$G,MATCH(1,('[1]PROSES ENJEKSİYON'!$A:$A=$X$2)*('[1]PROSES ENJEKSİYON'!$F:$F=A70),0)),"")} | Y70: {=IFERROR(INDEX('[1]PROSES ENJEKSİYON'!$J:$J,MATCH(1,('[1]PROSES ENJEKSİYON'!$A:$A=$X$2)*('[1]PROSES ENJEKSİYON'!$F:$F=A70),0)),"")} | Z70: {=IFERROR(INDEX('[1]PROSES ENJEKSİYON'!$K:$K,MATCH(1,('[1]PROSES ENJEKSİYON'!$A:$A=$X$2)*('[1]PROSES ENJEKSİYON'!$F:$F=A70),0)),"")} | AA70: {=IFERROR(INDEX('[1]PROSES ENJEKSİYON'!$L:$L,MATCH(1,('[1]PROSES ENJEKSİYON'!$A:$A=$X$2)*('[1]PROSES ENJEKSİYON'!$F:$F=A70),0)),"")} | AB70: {=IFERROR(INDEX('[1]PROSES ENJEKSİYON'!$G:$G,MATCH(1,('[1]PROSES ENJEKSİYON'!$A:$A=$H$2)*('[1]PROSES ENJEKSİYON'!$F:$F=U70),0)),"")} | AC70: {=IFERROR(INDEX('[1]PROSES ENJEKSİYON'!$J:$J,MATCH(1,('[1]PROSES ENJEKSİYON'!$A:$A=$H$2)*('[1]PROSES ENJEKSİYON'!$F:$F=U70),0)),"")} | AD70: {=IFERROR(INDEX('[1]PROSES ENJEKSİYON'!$K:$K,MATCH(1,('[1]PROSES ENJEKSİYON'!$A:$A=$H$2)*('[1]PROSES ENJEKSİYON'!$F:$F=U70),0)),"")} | AE70: {=IFERROR(INDEX('[1]PROSES ENJEKSİYON'!$L:$L,MATCH(1,('[1]PROSES ENJEKSİYON'!$A:$A=$H$2)*('[1]PROSES ENJEKSİYON'!$F:$F=U70),0)),"")}
A71: 133 | H71: {=IFERROR(INDEX('[1]PROSES ENJEKSİYON'!$G:$G,MATCH(1,('[1]PROSES ENJEKSİYON'!$A:$A=$H$2)*('[1]PROSES ENJEKSİYON'!$F:$F=A71),0)),"")} | I71: {=IFERROR(INDEX('[1]PROSES ENJEKSİYON'!$J:$J,MATCH(1,('[1]PROSES ENJEKSİYON'!$A:$A=$H$2)*('[1]PROSES ENJEKSİYON'!$F:$F=A71),0)),"")} | J71: {=IFERROR(INDEX('[1]PROSES ENJEKSİYON'!$K:$K,MATCH(1,('[1]PROSES ENJEKSİYON'!$A:$A=$H$2)*('[1]PROSES ENJEKSİYON'!$F:$F=A71),0)),"")} | K71: {=IFERROR(INDEX('[1]PROSES ENJEKSİYON'!$L:$L,MATCH(1,('[1]PROSES ENJEKSİYON'!$A:$A=$H$2)*('[1]PROSES ENJEKSİYON'!$F:$F=A71),0)),"")} | L71: {=IFERROR(INDEX('[1]PROSES ENJEKSİYON'!$G:$G,MATCH(1,('[1]PROSES ENJEKSİYON'!$A:$A=$H$2)*('[1]PROSES ENJEKSİYON'!$F:$F=E71),0)),"")} | M71: {=IFERROR(INDEX('[1]PROSES ENJEKSİYON'!$J:$J,MATCH(1,('[1]PROSES ENJEKSİYON'!$A:$A=$H$2)*('[1]PROSES ENJEKSİYON'!$F:$F=E71),0)),"")} | N71: {=IFERROR(INDEX('[1]PROSES ENJEKSİYON'!$K:$K,MATCH(1,('[1]PROSES ENJEKSİYON'!$A:$A=$H$2)*('[1]PROSES ENJEKSİYON'!$F:$F=E71),0)),"")} | O71: {=IFERROR(INDEX('[1]PROSES ENJEKSİYON'!$L:$L,MATCH(1,('[1]PROSES ENJEKSİYON'!$A:$A=$H$2)*('[1]PROSES ENJEKSİYON'!$F:$F=E71),0)),"")} | P71: {=IFERROR(INDEX('[1]PROSES ENJEKSİYON'!$G:$G,MATCH(1,('[1]PROSES ENJEKSİYON'!$A:$A=$P$2)*('[1]PROSES ENJEKSİYON'!$F:$F=A71),0)),"")} | Q71: {=IFERROR(INDEX('[1]PROSES ENJEKSİYON'!$J:$J,MATCH(1,('[1]PROSES ENJEKSİYON'!$A:$A=$P$2)*('[1]PROSES ENJEKSİYON'!$F:$F=A71),0)),"")} | R71: {=IFERROR(INDEX('[1]PROSES ENJEKSİYON'!$K:$K,MATCH(1,('[1]PROSES ENJEKSİYON'!$A:$A=$P$2)*('[1]PROSES ENJEKSİYON'!$F:$F=A71),0)),"")} | S71: {=IFERROR(INDEX('[1]PROSES ENJEKSİYON'!$L:$L,MATCH(1,('[1]PROSES ENJEKSİYON'!$A:$A=$P$2)*('[1]PROSES ENJEKSİYON'!$F:$F=A71),0)),"")} | T71: {=IFERROR(INDEX('[1]PROSES ENJEKSİYON'!$G:$G,MATCH(1,('[1]PROSES ENJEKSİYON'!$A:$A=$T$2)*('[1]PROSES ENJEKSİYON'!$F:$F=A71),0)),"")} | U71: {=IFERROR(INDEX('[1]PROSES ENJEKSİYON'!$J:$J,MATCH(1,('[1]PROSES ENJEKSİYON'!$A:$A=$T$2)*('[1]PROSES ENJEKSİYON'!$F:$F=A71),0)),"")} | V71: {=IFERROR(INDEX('[1]PROSES ENJEKSİYON'!$K:$K,MATCH(1,('[1]PROSES ENJEKSİYON'!$A:$A=$T$2)*('[1]PROSES ENJEKSİYON'!$F:$F=A71),0)),"")} | W71: {=IFERROR(INDEX('[1]PROSES ENJEKSİYON'!$L:$L,MATCH(1,('[1]PROSES ENJEKSİYON'!$A:$A=$T$2)*('[1]PROSES ENJEKSİYON'!$F:$F=A71),0)),"")} | X71: {=IFERROR(INDEX('[1]PROSES ENJEKSİYON'!$G:$G,MATCH(1,('[1]PROSES ENJEKSİYON'!$A:$A=$X$2)*('[1]PROSES ENJEKSİYON'!$F:$F=A71),0)),"")} | Y71: {=IFERROR(INDEX('[1]PROSES ENJEKSİYON'!$J:$J,MATCH(1,('[1]PROSES ENJEKSİYON'!$A:$A=$X$2)*('[1]PROSES ENJEKSİYON'!$F:$F=A71),0)),"")} | Z71: {=IFERROR(INDEX('[1]PROSES ENJEKSİYON'!$K:$K,MATCH(1,('[1]PROSES ENJEKSİYON'!$A:$A=$X$2)*('[1]PROSES ENJEKSİYON'!$F:$F=A71),0)),"")} | AA71: {=IFERROR(INDEX('[1]PROSES ENJEKSİYON'!$L:$L,MATCH(1,('[1]PROSES ENJEKSİYON'!$A:$A=$X$2)*('[1]PROSES ENJEKSİYON'!$F:$F=A71),0)),"")} | AB71: {=IFERROR(INDEX('[1]PROSES ENJEKSİYON'!$G:$G,MATCH(1,('[1]PROSES ENJEKSİYON'!$A:$A=$H$2)*('[1]PROSES ENJEKSİYON'!$F:$F=U71),0)),"")} | AC71: {=IFERROR(INDEX('[1]PROSES ENJEKSİYON'!$J:$J,MATCH(1,('[1]PROSES ENJEKSİYON'!$A:$A=$H$2)*('[1]PROSES ENJEKSİYON'!$F:$F=U71),0)),"")} | AD71: {=IFERROR(INDEX('[1]PROSES ENJEKSİYON'!$K:$K,MATCH(1,('[1]PROSES ENJEKSİYON'!$A:$A=$H$2)*('[1]PROSES ENJEKSİYON'!$F:$F=U71),0)),"")} | AE71: {=IFERROR(INDEX('[1]PROSES ENJEKSİYON'!$L:$L,MATCH(1,('[1]PROSES ENJEKSİYON'!$A:$A=$H$2)*('[1]PROSES ENJEKSİYON'!$F:$F=U71),0)),"")}
A72: 134 | H72: {=IFERROR(INDEX('[1]PROSES ENJEKSİYON'!$G:$G,MATCH(1,('[1]PROSES ENJEKSİYON'!$A:$A=$H$2)*('[1]PROSES ENJEKSİYON'!$F:$F=A72),0)),"")} | I72: {=IFERROR(INDEX('[1]PROSES ENJEKSİYON'!$J:$J,MATCH(1,('[1]PROSES ENJEKSİYON'!$A:$A=$H$2)*('[1]PROSES ENJEKSİYON'!$F:$F=A72),0)),"")} | J72: {=IFERROR(INDEX('[1]PROSES ENJEKSİYON'!$K:$K,MATCH(1,('[1]PROSES ENJEKSİYON'!$A:$A=$H$2)*('[1]PROSES ENJEKSİYON'!$F:$F=A72),0)),"")} | K72: {=IFERROR(INDEX('[1]PROSES ENJEKSİYON'!$L:$L,MATCH(1,('[1]PROSES ENJEKSİYON'!$A:$A=$H$2)*('[1]PROSES ENJEKSİYON'!$F:$F=A72),0)),"")} | L72: {=IFERROR(INDEX('[1]PROSES ENJEKSİYON'!$G:$G,MATCH(1,('[1]PROSES ENJEKSİYON'!$A:$A=$H$2)*('[1]PROSES ENJEKSİYON'!$F:$F=E72),0)),"")} | M72: {=IFERROR(INDEX('[1]PROSES ENJEKSİYON'!$J:$J,MATCH(1,('[1]PROSES ENJEKSİYON'!$A:$A=$H$2)*('[1]PROSES ENJEKSİYON'!$F:$F=E72),0)),"")} | N72: {=IFERROR(INDEX('[1]PROSES ENJEKSİYON'!$K:$K,MATCH(1,('[1]PROSES ENJEKSİYON'!$A:$A=$H$2)*('[1]PROSES ENJEKSİYON'!$F:$F=E72),0)),"")} | O72: {=IFERROR(INDEX('[1]PROSES ENJEKSİYON'!$L:$L,MATCH(1,('[1]PROSES ENJEKSİYON'!$A:$A=$H$2)*('[1]PROSES ENJEKSİYON'!$F:$F=E72),0)),"")} | P72: {=IFERROR(INDEX('[1]PROSES ENJEKSİYON'!$G:$G,MATCH(1,('[1]PROSES ENJEKSİYON'!$A:$A=$P$2)*('[1]PROSES ENJEKSİYON'!$F:$F=A72),0)),"")} | Q72: {=IFERROR(INDEX('[1]PROSES ENJEKSİYON'!$J:$J,MATCH(1,('[1]PROSES ENJEKSİYON'!$A:$A=$P$2)*('[1]PROSES ENJEKSİYON'!$F:$F=A72),0)),"")} | R72: {=IFERROR(INDEX('[1]PROSES ENJEKSİYON'!$K:$K,MATCH(1,('[1]PROSES ENJEKSİYON'!$A:$A=$P$2)*('[1]PROSES ENJEKSİYON'!$F:$F=A72),0)),"")} | S72: {=IFERROR(INDEX('[1]PROSES ENJEKSİYON'!$L:$L,MATCH(1,('[1]PROSES ENJEKSİYON'!$A:$A=$P$2)*('[1]PROSES ENJEKSİYON'!$F:$F=A72),0)),"")} | T72: {=IFERROR(INDEX('[1]PROSES ENJEKSİYON'!$G:$G,MATCH(1,('[1]PROSES ENJEKSİYON'!$A:$A=$T$2)*('[1]PROSES ENJEKSİYON'!$F:$F=A72),0)),"")} | U72: {=IFERROR(INDEX('[1]PROSES ENJEKSİYON'!$J:$J,MATCH(1,('[1]PROSES ENJEKSİYON'!$A:$A=$T$2)*('[1]PROSES ENJEKSİYON'!$F:$F=A72),0)),"")} | V72: {=IFERROR(INDEX('[1]PROSES ENJEKSİYON'!$K:$K,MATCH(1,('[1]PROSES ENJEKSİYON'!$A:$A=$T$2)*('[1]PROSES ENJEKSİYON'!$F:$F=A72),0)),"")} | W72: {=IFERROR(INDEX('[1]PROSES ENJEKSİYON'!$L:$L,MATCH(1,('[1]PROSES ENJEKSİYON'!$A:$A=$T$2)*('[1]PROSES ENJEKSİYON'!$F:$F=A72),0)),"")} | X72: {=IFERROR(INDEX('[1]PROSES ENJEKSİYON'!$G:$G,MATCH(1,('[1]PROSES ENJEKSİYON'!$A:$A=$X$2)*('[1]PROSES ENJEKSİYON'!$F:$F=A72),0)),"")} | Y72: {=IFERROR(INDEX('[1]PROSES ENJEKSİYON'!$J:$J,MATCH(1,('[1]PROSES ENJEKSİYON'!$A:$A=$X$2)*('[1]PROSES ENJEKSİYON'!$F:$F=A72),0)),"")} | Z72: {=IFERROR(INDEX('[1]PROSES ENJEKSİYON'!$K:$K,MATCH(1,('[1]PROSES ENJEKSİYON'!$A:$A=$X$2)*('[1]PROSES ENJEKSİYON'!$F:$F=A72),0)),"")} | AA72: {=IFERROR(INDEX('[1]PROSES ENJEKSİYON'!$L:$L,MATCH(1,('[1]PROSES ENJEKSİYON'!$A:$A=$X$2)*('[1]PROSES ENJEKSİYON'!$F:$F=A72),0)),"")} | AB72: {=IFERROR(INDEX('[1]PROSES ENJEKSİYON'!$G:$G,MATCH(1,('[1]PROSES ENJEKSİYON'!$A:$A=$H$2)*('[1]PROSES ENJEKSİYON'!$F:$F=U72),0)),"")} | AC72: {=IFERROR(INDEX('[1]PROSES ENJEKSİYON'!$J:$J,MATCH(1,('[1]PROSES ENJEKSİYON'!$A:$A=$H$2)*('[1]PROSES ENJEKSİYON'!$F:$F=U72),0)),"")} | AD72: {=IFERROR(INDEX('[1]PROSES ENJEKSİYON'!$K:$K,MATCH(1,('[1]PROSES ENJEKSİYON'!$A:$A=$H$2)*('[1]PROSES ENJEKSİYON'!$F:$F=U72),0)),"")} | AE72: {=IFERROR(INDEX('[1]PROSES ENJEKSİYON'!$L:$L,MATCH(1,('[1]PROSES ENJEKSİYON'!$A:$A=$H$2)*('[1]PROSES ENJEKSİYON'!$F:$F=U72),0)),"")}
A73: 135 | H73: {=IFERROR(INDEX('[1]PROSES ENJEKSİYON'!$G:$G,MATCH(1,('[1]PROSES ENJEKSİYON'!$A:$A=$H$2)*('[1]PROSES ENJEKSİYON'!$F:$F=A73),0)),"")} -> PET0324-01 110ML OPAK KIRMIZI 38MM YIVLI 25GR | I73: {=IFERROR(INDEX('[1]PROSES ENJEKSİYON'!$J:$J,MATCH(1,('[1]PROSES ENJEKSİYON'!$A:$A=$H$2)*('[1]PROSES ENJEKSİYON'!$F:$F=A73),0)),"")} -> 2 | J73: {=IFERROR(INDEX('[1]PROSES ENJEKSİYON'!$K:$K,MATCH(1,('[1]PROSES ENJEKSİYON'!$A:$A=$H$2)*('[1]PROSES ENJEKSİYON'!$F:$F=A73),0)),"")} -> 2 | K73: {=IFERROR(INDEX('[1]PROSES ENJEKSİYON'!$L:$L,MATCH(1,('[1]PROSES ENJEKSİYON'!$A:$A=$H$2)*('[1]PROSES ENJEKSİYON'!$F:$F=A73),0)),"")} -> 18.69 | L73: {=IFERROR(INDEX('[1]PROSES ENJEKSİYON'!$G:$G,MATCH(1,('[1]PROSES ENJEKSİYON'!$A:$A=$H$2)*('[1]PROSES ENJEKSİYON'!$F:$F=E73),0)),"")} | M73: {=IFERROR(INDEX('[1]PROSES ENJEKSİYON'!$J:$J,MATCH(1,('[1]PROSES ENJEKSİYON'!$A:$A=$H$2)*('[1]PROSES ENJEKSİYON'!$F:$F=E73),0)),"")} | N73: {=IFERROR(INDEX('[1]PROSES ENJEKSİYON'!$K:$K,MATCH(1,('[1]PROSES ENJEKSİYON'!$A:$A=$H$2)*('[1]PROSES ENJEKSİYON'!$F:$F=E73),0)),"")} | O73: {=IFERROR(INDEX('[1]PROSES ENJEKSİYON'!$L:$L,MATCH(1,('[1]PROSES ENJEKSİYON'!$A:$A=$H$2)*('[1]PROSES ENJEKSİYON'!$F:$F=E73),0)),"")} | P73: {=IFERROR(INDEX('[1]PROSES ENJEKSİYON'!$G:$G,MATCH(1,('[1]PROSES ENJEKSİYON'!$A:$A=$P$2)*('[1]PROSES ENJEKSİYON'!$F:$F=A73),0)),"")} -> MM-PET0145-01-038Y-025 - PET0145-01 150ML SEFFAF KAHVE 38MM YIVLI 25GR | Q73: {=IFERROR(INDEX('[1]PROSES ENJEKSİYON'!$J:$J,MATCH(1,('[1]PROSES ENJEKSİYON'!$A:$A=$P$2)*('[1]PROSES ENJEKSİYON'!$F:$F=A73),0)),"")} -> 2 | R73: {=IFERROR(INDEX('[1]PROSES ENJEKSİYON'!$K:$K,MATCH(1,('[1]PROSES ENJEKSİYON'!$A:$A=$P$2)*('[1]PROSES ENJEKSİYON'!$F:$F=A73),0)),"")} -> 2 | S73: {=IFERROR(INDEX('[1]PROSES ENJEKSİYON'!$L:$L,MATCH(1,('[1]PROSES ENJEKSİYON'!$A:$A=$P$2)*('[1]PROSES ENJEKSİYON'!$F:$F=A73),0)),"")} -> 20.46 | T73: {=IFERROR(INDEX('[1]PROSES ENJEKSİYON'!$G:$G,MATCH(1,('[1]PROSES ENJEKSİYON'!$A:$A=$T$2)*('[1]PROSES ENJEKSİYON'!$F:$F=A73),0)),"")} | U73: {=IFERROR(INDEX('[1]PROSES ENJEKSİYON'!$J:$J,MATCH(1,('[1]PROSES ENJEKSİYON'!$A:$A=$T$2)*('[1]PROSES ENJEKSİYON'!$F:$F=A73),0)),"")} | V73: {=IFERROR(INDEX('[1]PROSES ENJEKSİYON'!$K:$K,MATCH(1,('[1]PROSES ENJEKSİYON'!$A:$A=$T$2)*('[1]PROSES ENJEKSİYON'!$F:$F=A73),0)),"")} | W73: {=IFERROR(INDEX('[1]PROSES ENJEKSİYON'!$L:$L,MATCH(1,('[1]PROSES ENJEKSİYON'!$A:$A=$T$2)*('[1]PROSES ENJEKSİYON'!$F:$F=A73),0)),"")} | X73: {=IFERROR(INDEX('[1]PROSES ENJEKSİYON'!$G:$G,MATCH(1,('[1]PROSES ENJEKSİYON'!$A:$A=$X$2)*('[1]PROSES ENJEKSİYON'!$F:$F=A73),0)),"")} | Y73: {=IFERROR(INDEX('[1]PROSES ENJEKSİYON'!$J:$J,MATCH(1,('[1]PROSES ENJEKSİYON'!$A:$A=$X$2)*('[1]PROSES ENJEKSİYON'!$F:$F=A73),0)),"")} | Z73: {=IFERROR(INDEX('[1]PROSES ENJEKSİYON'!$K:$K,MATCH(1,('[1]PROSES ENJEKSİYON'!$A:$A=$X$2)*('[1]PROSES ENJEKSİYON'!$F:$F=A73),0)),"")} | AA73: {=IFERROR(INDEX('[1]PROSES ENJEKSİYON'!$L:$L,MATCH(1,('[1]PROSES ENJEKSİYON'!$A:$A=$X$2)*('[1]PROSES ENJEKSİYON'!$F:$F=A73),0)),"")} | AB73: {=IFERROR(INDEX('[1]PROSES ENJEKSİYON'!$G:$G,MATCH(1,('[1]PROSES ENJEKSİYON'!$A:$A=$H$2)*('[1]PROSES ENJEKSİYON'!$F:$F=U73),0)),"")} | AC73: {=IFERROR(INDEX('[1]PROSES ENJEKSİYON'!$J:$J,MATCH(1,('[1]PROSES ENJEKSİYON'!$A:$A=$H$2)*('[1]PROSES ENJEKSİYON'!$F:$F=U73),0)),"")} | AD73: {=IFERROR(INDEX('[1]PROSES ENJEKSİYON'!$K:$K,MATCH(1,('[1]PROSES ENJEKSİYON'!$A:$A=$H$2)*('[1]PROSES ENJEKSİYON'!$F:$F=U73),0)),"")} | AE73: {=IFERROR(INDEX('[1]PROSES ENJEKSİYON'!$L:$L,MATCH(1,('[1]PROSES ENJEKSİYON'!$A:$A=$H$2)*('[1]PROSES ENJEKSİYON'!$F:$F=U73),0)),"")}
A74: 138 | H74: {=IFERROR(INDEX('[1]PROSES ENJEKSİYON'!$G:$G,MATCH(1,('[1]PROSES ENJEKSİYON'!$A:$A=$H$2)*('[1]PROSES ENJEKSİYON'!$F:$F=A74),0)),"")} | I74: {=IFERROR(INDEX('[1]PROSES ENJEKSİYON'!$J:$J,MATCH(1,('[1]PROSES ENJEKSİYON'!$A:$A=$H$2)*('[1]PROSES ENJEKSİYON'!$F:$F=A74),0)),"")} | J74: {=IFERROR(INDEX('[1]PROSES ENJEKSİYON'!$K:$K,MATCH(1,('[1]PROSES ENJEKSİYON'!$A:$A=$H$2)*('[1]PROSES ENJEKSİYON'!$F:$F=A74),0)),"")} | K74: {=IFERROR(INDEX('[1]PROSES ENJEKSİYON'!$L:$L,MATCH(1,('[1]PROSES ENJEKSİYON'!$A:$A=$H$2)*('[1]PROSES ENJEKSİYON'!$F:$F=A74),0)),"")} | L74: {=IFERROR(INDEX('[1]PROSES ENJEKSİYON'!$G:$G,MATCH(1,('[1]PROSES ENJEKSİYON'!$A:$A=$L$2)*('[1]PROSES ENJEKSİYON'!$F:$F=A74),0)),"")} | M74: {=IFERROR(INDEX('[1]PROSES ENJEKSİYON'!$J:$J,MATCH(1,('[1]PROSES ENJEKSİYON'!$A:$A=$L$2)*('[1]PROSES ENJEKSİYON'!$F:$F=A74),0)),"")} | N74: {=IFERROR(INDEX('[1]PROSES ENJEKSİYON'!$K:$K,MATCH(1,('[1]PROSES ENJEKSİYON'!$A:$A=$L$2)*('[1]PROSES ENJEKSİYON'!$F:$F=A74),0)),"")} | O74: {=IFERROR(INDEX('[1]PROSES ENJEKSİYON'!$L:$L,MATCH(1,('[1]PROSES ENJEKSİYON'!$A:$A=$L$2)*('[1]PROSES ENJEKSİYON'!$F:$F=A74),0)),"")} | P74: {=IFERROR(INDEX('[1]PROSES ENJEKSİYON'!$G:$G,MATCH(1,('[1]PROSES ENJEKSİYON'!$A:$A=$P$2)*('[1]PROSES ENJEKSİYON'!$F:$F=A74),0)),"")} -> MM-PET0310-01-062Y-026 - PET0310-01 310ML SEFFAF SEFFAF 62MM YIVLI 26GR | Q74: {=IFERROR(INDEX('[1]PROSES ENJEKSİYON'!$J:$J,MATCH(1,('[1]PROSES ENJEKSİYON'!$A:$A=$P$2)*('[1]PROSES ENJEKSİYON'!$F:$F=A74),0)),"")} -> 3 | R74: {=IFERROR(INDEX('[1]PROSES ENJEKSİYON'!$K:$K,MATCH(1,('[1]PROSES ENJEKSİYON'!$A:$A=$P$2)*('[1]PROSES ENJEKSİYON'!$F:$F=A74),0)),"")} -> 3 | S74: {=IFERROR(INDEX('[1]PROSES ENJEKSİYON'!$L:$L,MATCH(1,('[1]PROSES ENJEKSİYON'!$A:$A=$P$2)*('[1]PROSES ENJEKSİYON'!$F:$F=A74),0)),"")} -> 12.48 | T74: {=IFERROR(INDEX('[1]PROSES ENJEKSİYON'!$G:$G,MATCH(1,('[1]PROSES ENJEKSİYON'!$A:$A=$T$2)*('[1]PROSES ENJEKSİYON'!$F:$F=A74),0)),"")} | U74: {=IFERROR(INDEX('[1]PROSES ENJEKSİYON'!$J:$J,MATCH(1,('[1]PROSES ENJEKSİYON'!$A:$A=$T$2)*('[1]PROSES ENJEKSİYON'!$F:$F=A74),0)),"")} | V74: {=IFERROR(INDEX('[1]PROSES ENJEKSİYON'!$K:$K,MATCH(1,('[1]PROSES ENJEKSİYON'!$A:$A=$T$2)*('[1]PROSES ENJEKSİYON'!$F:$F=A74),0)),"")} | W74: {=IFERROR(INDEX('[1]PROSES ENJEKSİYON'!$L:$L,MATCH(1,('[1]PROSES ENJEKSİYON'!$A:$A=$T$2)*('[1]PROSES ENJEKSİYON'!$F:$F=A74),0)),"")} | X74: {=IFERROR(INDEX('[1]PROSES ENJEKSİYON'!$G:$G,MATCH(1,('[1]PROSES ENJEKSİYON'!$A:$A=$X$2)*('[1]PROSES ENJEKSİYON'!$F:$F=A74),0)),"")} | Y74: {=IFERROR(INDEX('[1]PROSES ENJEKSİYON'!$J:$J,MATCH(1,('[1]PROSES ENJEKSİYON'!$A:$A=$X$2)*('[1]PROSES ENJEKSİYON'!$F:$F=A74),0)),"")} | Z74: {=IFERROR(INDEX('[1]PROSES ENJEKSİYON'!$K:$K,MATCH(1,('[1]PROSES ENJEKSİYON'!$A:$A=$X$2)*('[1]PROSES ENJEKSİYON'!$F:$F=A74),0)),"")} | AA74: {=IFERROR(INDEX('[1]PROSES ENJEKSİYON'!$L:$L,MATCH(1,('[1]PROSES ENJEKSİYON'!$A:$A=$X$2)*('[1]PROSES ENJEKSİYON'!$F:$F=A74),0)),"")} | AB74: {=IFERROR(INDEX('[1]PROSES ENJEKSİYON'!$G:$G,MATCH(1,('[1]PROSES ENJEKSİYON'!$A:$A=$H$2)*('[1]PROSES ENJEKSİYON'!$F:$F=U74),0)),"")} | AC74: {=IFERROR(INDEX('[1]PROSES ENJEKSİYON'!$J:$J,MATCH(1,('[1]PROSES ENJEKSİYON'!$A:$A=$H$2)*('[1]PROSES ENJEKSİYON'!$F:$F=U74),0)),"")} | AD74: {=IFERROR(INDEX('[1]PROSES ENJEKSİYON'!$K:$K,MATCH(1,('[1]PROSES ENJEKSİYON'!$A:$A=$H$2)*('[1]PROSES ENJEKSİYON'!$F:$F=U74),0)),"")} | AE74: {=IFERROR(INDEX('[1]PROSES ENJEKSİYON'!$L:$L,MATCH(1,('[1]PROSES ENJEKSİYON'!$A:$A=$H$2)*('[1]PROSES ENJEKSİYON'!$F:$F=U74),0)),"")}

Sheet PROSES ENJEKSİYON
A1: Tarih | B1: ORTAM SICAKLIĞI | C1: ÜRETİM MÜH. | D1: Vardiya Amiri | E1: Vardiya | F1: Makine Adı | G1: Ürün Adı | H1: İş Emri No | I1: Hammadde | J1: Toplam Göz Sayısı (ad) | K1: Çalışan Göz Sayısı (ad) | L1: Çevrim Süresi (sn) | M1: Soğutma Süresi (sn) | N1: Enjeksiyon Zamanı (sn) | O1: Şişirme Süresi (sn) | P1: Şartlandırıcı Sıcaklığı © | Q1: Kurutucu Sıcaklığı © | R1: Enjeksiyon Basınçları | S1: Enjeksiyon Hızları | T1: Ütüleme Zamanı (sn) | U1: Ütüleme Hızı | V1: Ütüleme Basıncı | W1: Mengene Kuvveti | X1: Ocak Isıları © | Y1: Kalıp Isıları ©
A2: 46024 | B2: 24 | C2: FEVZİ KILINÇ | D2: SELMAN | E2: 2 | F2: 103 | G2: PET0005-01 700ML SEFFAF SARI 28MM YIVLI 40GR | J2: 5 | K2: 5 | L2: 15.65 | M2: 3 | N2: 7 | O2: 7 | P2: 45 | Q2: 147 | X2: 280-280-280-290-245 | Y2: 275-275-275-275-275
A3: 46024 | B3: 24 | C3: FEVZİ KILINÇ | D3: SELMAN | E3: 2 | F3: 104 | G3: PET0007-08 400ML OPAK YESIL 28MM YIVLI 25GR | J3: 6 | K3: 5 | L3: 15.73 | M3: 5.5 | N3: 5.9 | O3: 5.5 | Q3: 170 | X3: 270-270-270-270-270 | Y3: 280-280-280-280
A4: 46024 | B4: 24 | C4: FEVZİ KILINÇ | D4: SELMAN | E4: 2 | F4: 161 | G4: PET0181-02 960ML OPAK SARI 38MM YIVLI 47GR | J4: 6 | K4: 6 | L4: 22.51 | M4: 8 | N4: 9 | O4: 3 | Q4: 160 | X4: 288-280-280-280 | Y4: 275-275-275
A5: 46024 | B5: 24 | C5: FEVZİ KILINÇ | D5: SELMAN | E5: 2 | F5: 162 | G5: PET0014-01 1000ML SEFFAF SEFFAF 28MM YIVLI 52GR | J5: 6 | K5: 6 | L5: 24 | M5: 8.5 | N5: 10 | O5: 4 | P5: 35 | Q5: 175 | X5: 265-265-265-265-265-265 | Y5: 265-275
A6: 46024 | B6: 24 | C6: FEVZİ KILINÇ | D6: SELMAN | E6: 2 | F6: 164 | G6: PET0250-01 1000ML SEFFAF SEFFAF 28MM YIVLI 45GR | J6: 6 | K6: 6 | L6: 21.59 | M6: 5 | N6: 9 | O6: 3 | Q6: 180 | X6: 280-280-280-280 | Y6: 280-280
A7: 46024 | B7: 24 | C7: FEVZİ KILINÇ | D7: SELMAN | E7: 2 | F7: 141 | G7: PET0156-01 4000ML SEFFAF SEFFAF 45MM YIVLI 85GR | J7: 4 | K7: 4 | L7: 28 | M7: 6.3 | N7: 8 | O7: 3 | Q7: 175 | X7: 280-280-280-280-280 | Y7: 275-275
A8: 46024 | B8: 24 | C8: FEVZİ KILINÇ | D8: SELMAN | E8: 2 | F8: 172 | G8: PET0202-01 900ML SEFFAF SARI 28MM YIVLI 45GR | J8: 4 | K8: 4 | L8: 15.85 | M8: 1 | N8: 9.75 | O8: 7 | P8: 46-38-58 | Q8: 170 | X8: 280-280-280-280-280 | Y8: 270-270-270-270
A9: 46024 | B9: 24 | C9: FEVZİ KILINÇ | D9: SELMAN | E9: 2 | F9: 173 | G9: PET0210-02 500ML SEFFAF TURKUAZ 28MM YIVLI 40GR | J9: 5 | K9: 5 | L9: 19.23 | M9: 2.8 | N9: 12.25 | O9: 8 | P9: 50,45-50-49,5 | Q9: 170 | X9: 280-280-280-280-280 | Y9: 277-277-277-277
A10: 46024 | B10: 24 | C10: FEVZİ KILINÇ | D10: SELMAN | E10: 2 | F10: 175 | G10: PET0238-01 450ML SEFFAF UV 28MM CAKMA 35GR | J10: 5 | K10: 5 | L10: 14.94 | M10: 1.5 | N10: 9.5 | O10: 6.5 | P10: 65-40,52-40 | Q10: 170 | X10: 280-280-280-280-280 | Y10: 285-285-285-285
A11: 46024 | B11: 24 | C11: FEVZİ KILINÇ | D11: SELMAN | E11: 2 | F11: 176 | G11: PET0015-05 1000ML OPAK TURKUAZ 28MM YIVLI 52GR | J11: 5 | K11: 5 | L11: 20.3 | M11: 1 | N11: 13 | O11: 8 | P11: 54-45-50 | Q11: 171 | X11: 285-285-285-285-290 | Y11: 280-280-280-280
A12: 46024 | B12: 24 | C12: FEVZİ KILINÇ | D12: SELMAN | E12: 2 | F12: 177 | G12: PET0015-06 1000ML OPAK SEDEFLI MOR 28MM YIVLI 52GR | J12: 4 | K12: 4 | L12: 17.99 | M12: 0.8 | N12: 8 | O12: 8.3 | P12: 53-50-56 | Q12: 170 | X12: 280-280-280-280-285 | Y12: 270-270-270-270
A13: 46024 | B13: 24 | C13: FEVZİ KILINÇ | D13: SELMAN | E13: 2 | F13: 131 | G13: PET0135-03 300ML OPAK BEYAZ 24MM YIVLI 25GR | J13: 3 | K13: 3 | L13: 19.07 | M13: 3.65 | N13: 9 | O13: 6 | Q13: 180 | X13: 275-275-275 | Y13: 20-250-255-260-260
A14: 46024 | B14: 24 | C14: FEVZİ KILINÇ | D14: SELMAN | E14: 2 | F14: 135 | G14: PET0145-01 150ML SEFFAF KAHVE 38MM YIVLI 25GR | J14: 2 | K14: 2 | L14: 20.58 | M14: 6 | N14: 9 | O14: 4.5 | Q14: 160 | X14: 265-265-265 | Y14: 245-245-245-245-245
A15: 46024 | B15: 24 | C15: FEVZİ KILINÇ | D15: SELMAN | E15: 2 | F15: 138 | G15: PET0310-01 310ML SEFFAF SEFFAF 62MM YIVLI 26GR | J15: 3 | K15: 3 | L15: 12.85 | M15: 2.5 | N15: 5 | O15: 4 | Q15: 143 | X15: 280-280-280-280 | Y15: 265-275
A16: 46024 | B16: 24 | C16: ERKAN AKGÖZ | D16: SELMAN | E16: 2 | F16: 202 | G16: ENJ0029-04 TIPA OPAK BEYAZ 20MM YIVLI 1GR | J16: 24 | K16: 24 | L16: 212 | M16: 10 | N16: 3 | R16: 63-62-61-60-59-58 | S16: 50-49-48-46-47 | T16: 0.5 | U16: 20 | V16: 25 | W16: 110 | X16: 215-210-205-200-195
A17: 46024 | B17: 24 | C17: ERKAN AKGÖZ | D17: SELMAN | E17: 2 | F17: 203 | G17: ENJ0065-01 KULP OPAK SİYAH 45MM 5,5GR | J17: 4 | K17: 4 | L17: 16.1 | M17: 5 | N17: 4 | R17: 95-95-95-95-95-90 | S17: 85-85-85-85-85-80 | T17: 1 | U17: 20 | V17: 25 | W17: 100 | X17: 220-215-205-205-200
A18: 46024 | B18: 24 | C18: ERKAN AKGÖZ | D18: SELMAN | E18: 2 | F18: 204 | G18: ENJ0035-02 TIPA SEFFAF 28MM YIVLI 1GR ( KOLONYA ) | J18: 24 | K18: 24 | L18: 25.5 | M18: 15 | N18: 3 | R18: 48-47-46-45-44-3 | S18: 40-39-38-37-36-35 | T18: 0.5 | U18: 25 | V18: 30 | W18: 90 | X18: 220-225-220-215-205
A19: 46024 | B19: 24 | C19: ERKAN AKGÖZ | D19: SELMAN | E19: 2 | F19: 205 | G19: ENJ0031-04 KAPAK OPAK YESIL 24MM YIVLI 3GR | J19: 12 | K19: 12 | L19: 26.9 | M19: 10 | N19: 3 | R19: 44-43-42-41-40-39 | S19: 34-33-32-31-30-29 | T19: 1 | U19: 20 | V19: 25 | W19: 120 | X19: 205-195-190-185-180
A20: 46024 | B20: 24 | C20: ERKAN AKGÖZ | D20: SELMAN | E20: 2 | F20: 206 | G20: ENJ0010-03 FLIPTOP OPAK SIYAH 45MM YIVLI 10GR | J20: 8 | K20: 6 | L20: 33.2 | M20: 18 | N20: 3 | R20: 37-36-35-34-33-32 | S20: 31-30-29-28-27-26 | T20: 1.5 | U20: 30 | V20: 40 | W20: 130 | X20: 200-220-220-215-195
A21: 46024 | B21: 24 | C21: ERKAN AKGÖZ | D21: SELMAN | E21: 2 | F21: 207 | G21: ENJ0038-10 KAPAK OPAK KIRMIZI 28MM YIVLI 10GR | J21: 12 | K21: 9 | L21: 27.85 | M21: 10 | N21: 5.85 | R21: 55-54-53-52-51-50 | S21: 45-44-43-42-41-40 | T21: 1.25 | U21: 15 | V21: 20 | W21: 140 | X21: 170-155-170-165-159 | Y21: 192-190-185-185-200-190-190-185-185-185--185-170
A22: 46024 | B22: 24 | C22: ERKAN AKGÖZ | D22: SELMAN | E22: 2 | F22: 209 | G22: ENJ0012-03 DAMLALIK OPAK BEYAZ 20MM YIVLI 2GR | J22: 16 | K22: 10 | L22: 27.5 | M22: 6 | N22: 5 | R22: 55-54-53-52 | S22: 48-47-46-45 | T22: 0.5 | U22: 30 | V22: 30 | W22: 148 | X22: 215-210-205-200-195-190
A23: 46024 | B23: 24 | C23: ERKAN AKGÖZ | D23: SELMAN | E23: 2 | F23: 210 | G23: ENJ0023-03 KAVANOZ KAPAK OPAK MAVI 100MM YIVLI 13GR | J23: 4 | K23: 4 | L23: 19.8 | M23: 6 | N23: 4 | R23: 81-80-79-78 | S23: 64-63-62-61 | T23: 1 | U23: 25 | V23: 35 | W23: 101 | X23: 225-215-200-200-195-190 | Y23: 225-230-220-240
A24: 46024 | B24: 24 | C24: ERKAN AKGÖZ | D24: SELMAN | E24: 2 | F24: 211 | G24: ENJ0023-05 KAVANOZ KAPAK OPAK GOLD 100MM YIVLI 13GR | J24: 24 | K24: 21 | L24: 21.4 | M24: 10 | N24: 4.4 | R24: 38-37-36-35-34-34 | S24: 30-29-28-27-26-26 | T24: 0.6 | U24: 15 | V24: 15 | W24: 110 | X24: 195-195-185-180
A25: 46024 | B25: 24 | C25: ERKAN AKGÖZ | D25: SELMAN | E25: 2 | F25: 301 | G25: PRE0002 62MM 8 GOZ PREFORM 43GR SEFFAF SEFFAF KOLI STANDART | J25: 8 | K25: 8 | L25: 36.7 | M25: 18 | N25: 6.3 | R25: 79-78-77-76-75-74 | S25: 68-67-66-65-64-63 | T25: 2 | U25: 25 | V25: 30 | W25: 110 | X25: 285-270-270-265 | Y25: 75-75-77-76-80-77-80
A26: 46024 | B26: 24 | C26: ERKAN AKGÖZ | D26: SELMAN | E26: 2 | F26: 303 | G26: PRE0010 100MM 45GR TWIST OFF OPAK SIYAH PREFORM KOLI STANDART 8GÖZ | J26: 8 | K26: 8 | L26: 34.2 | M26: 16 | N26: 6 | R26: 59-58-57-56-55-54 | S26: 50-49-48-47-46-45 | T26: 2.5 | U26: 20 | V26: 30 | W26: 140 | X26: 290-290-290-290-290 | Y26: 115-115-115-115-115-115-125
A27: 46028 | B27: 24 | C27: FEVZİ KILINÇ | D27: SERKAN | E27: 2 | F27: 102 | G27: PET0016-01 1500ML SEFFAF SEFFAF 28MM YIVLI 52GR | J27: 5 | K27: 4 | L27: 18.56 | M27: 4 | N27: 9.5 | O27: 6 | P27: 55 | Q27: 175 | X27: 280-280-285-270 | Y27: 275-275-275-275-275-275-275
A28: 46028 | B28: 24 | C28: FEVZİ KILINÇ | D28: SERKAN | E28: 2 | F28: 103 | G28: PET0005-01 700ML SEFFAF SARI 28MM YIVLI 40GR | J28: 5 | K28: 5 | L28: 15.94 | M28: 3.2 | N28: 7.2 | O28: 7 | P28: 45 | Q28: 160 | X28: 280-280-280-292-295 | Y28: 275-275-275-275-275
A29: 46028 | B29: 24 | C29: FEVZİ KILINÇ | D29: SERKAN | E29: 2 | F29: 104 | G29: PET0025-01 400ML SEFFAF SEFFAF 28MM YIVLI 25GR | J29: 6 | K29: 5 | L29: 13.28 | M29: 3.2 | N29: 5.1 | O29: 4 | P29: 50 | Q29: 175 | X29: 270-285-285-285-285 | Y29: 280-280-280-280
A30: 46028 | B30: 24 | C30: FEVZİ KILINÇ | D30: SERKAN | E30: 2 | F30: 164 | G30: PET0024-01 1000ML SEFFAF SEFFAF 28MM YIVLI 45GR | J30: 6 | K30: 6 | L30: 21.59 | M30: 5 | N30: 9 | O30: 3 | Q30: 180 | X30: 285-285-285-285 | Y30: 280-280
A31: 46028 | B31: 24 | C31: FEVZİ KILINÇ | D31: SERKAN | E31: 2 | F31: 182 | G31: PET0165-04 450ML SEFFAF MAVI 28MM YIVLI 26GR | J31: 8 | K31: 8 | L31: 16 | M31: 3.8 | N31: 6 | O31: 3.5 | P31: 43 | Q31: 170 | X31: 285-285-285-285 | Y31: 275-275
A32: 46028 | B32: 24 | C32: FEVZİ KILINÇ | D32: SERKAN | E32: 2 | F32: 172 | G32: PET0129-01 750ML SEFFAF MAVI 28MM YIVLI 45GR | J32: 4 | K32: 4 | L32: 16.06 | M32: 0.25 | N32: 10 | O32: 8.5 | P32: 62-49-57 | Q32: 170 | X32: 285-280-280-280-280 | Y32: 275-275-275-275
A33: 46028 | B33: 24 | C33: FEVZİ KILINÇ | D33: SERKAN | E33: 2 | F33: 173 | G33: PET0019-01 650ML SEFFAF UV 28MM CAKMA 40GR | J33: 5 | K33: 5 | L33: 17.16 | M33: 2 | N33: 11 | O33: 6 | P33: 52-47-43 | Q33: 175 | X33: 280-280-280-280-280 | Y33: 275-275-275-275
A34: 46028 | B34: 24 | C34: FEVZİ KILINÇ | D34: SERKAN | E34: 2 | F34: 174 | G34: PET0239-01 1000ML SEFFAF SEFFAF 110MM YIVLI 95GR | J34: 3 | K34: 3 | L34: 18.19 | M34: 4 | N34: 10 | O34: 8 | P34: 53-45-65 | Q34: 170 | X34: 280-280-280-280-280 | Y34: 275-275-275-275
A35: 46028 | B35: 24 | C35: FEVZİ KILINÇ | D35: SERKAN | E35: 2 | F35: 175 | G35: PET0238-01 450ML SEFFAF UV 28MM CAKMA 35GR | J35: 5 | K35: 5 | L35: 14.42 | M35: 1.3 | N35: 4.2 | O35: 6.5 | P35: 40-52-40 | Q35: 170 | X35: 280-280-280-280-280 | Y35: 310-310-310-310
A36: 46028 | B36: 24 | C36: FEVZİ KILINÇ | D36: SERKAN | E36: 2 | F36: 176 | G36: PET0015-02 1000ML OPAK YESIL 28MM YIVLI 52GR | J36: 5 | K36: 5 | L36: 17.81 | M36: 2.2 | N36: 12 | O36: 7 | P36: 54-45-53 | Q36: 170 | X36: 280-285-285-285-290 | Y36: 280-280-280-280
A37: 46028 | B37: 24 | C37: FEVZİ KILINÇ | D37: SERKAN | E37: 2 | F37: 177 | G37: PET0015-03 1000ML OPAK BEYAZ 28MM YIVLI 52GR | J37: 4 | K37: 4 | L37: 18.74 | M37: 3 | N37: 12 | O37: 8.3 | P37: 51-50-57 | Q37: 170 | X37: 275-275-280-280-280 | Y37: 260-260-260-260
A38: 46028 | B38: 24 | C38: FEVZİ KILINÇ | D38: SERKAN | E38: 2 | F38: 135 | G38: PET0145-01 150ML SEFFAF KAHVE 38MM YIVLI 25GR | J38: 2 | K38: 2 | L38: 20.47 | M38: 6 | N38: 9 | O38: 4.5 | Q38: 170 | X38: 265-265-265 | Y38: 240-240-240-260-260
A39: 46028 | B39: 24 | C39: FEVZİ KILINÇ | D39: SERKAN | E39: 2 | F39: 138 | G39: PET0312-01 370ML SEFFAF SEFFAF 62MM YIVLI 26GR | J39: 3 | K39: 3 | L39: 12.72 | M39: 2.5 | N39: 5 | O39: 4 | Q39: 173 | X39: 285-280-280-280 | Y39: 285-285-285-285-285
A40: 46028 | B40: 24 | C40: ERKAN AKGÖZ | D40: SERKAN | E40: 2 | F40: 401 | G40: BLW0015-01 1000ML SEFFAF SEFFAF 90MM YIVLI 60GR (KAPAK+SISE) | J40: 1 | K40: 1 | L40: 9.08 | O40: 2 | X40: 67-72-68-45-46-40
A41: 46028 | B41: 24 | C41: ERKAN AKGÖZ | D41: SERKAN | E41: 2 | F41: 202 | G41: ENJ0029-04 TIPA OPAK BEYAZ 20MM YIVLI 1GR | J41: 24 | K41: 22 | L41: 21.1 | M41: 10 | N41: 3 | R41: 63-62-61-60-59-58 | S41: 52-51-50-49-48-47 | T41: 0 | U41: 20 | V41: 25 | W41: 110 | X41: 215-210-205-200-195
A42: 46028 | B42: 24 | C42: ERKAN AKGÖZ | D42: SERKAN | E42: 2 | F42: 203 | G42: ENJ0057-01 KAPAK SEFFAF SARI 44MM CAKMA 6GR | J42: 8 | K42: 8 | L42: 17.6 | M42: 5 | N42: 3.2 | R42: 80-79-78-77-76-75 | S42: 75-74-73-72-71-70 | T42: 4.5 | U42: 50 | V42: 90 | W42: 100 | X42: 200-215-205-200-195 | Y42: 225-225-226-240-230-225-225-225-210-210
A43: 46028 | B43: 24 | C43: ERKAN AKGÖZ | D43: SERKAN | E43: 2 | F43: 204 | G43: ENJ0035-02 TIPA SEFFAF 28MM YIVLI 1GR ( KOLONYA ) | J43: 24 | K43: 24 | L43: 25.5 | M43: 15 | N43: 3 | R43: 48-47-46-45-44-43 | S43: 40-39-38-37-36-35 | T43: 0.5 | U43: 25 | V43: 30 | W43: 90 | X43: 225-225-220-215-205
A44: 46028 | B44: 24 | C44: ERKAN AKGÖZ | D44: SERKAN | E44: 2 | F44: 205 | G44: ENJ0031-04 KAPAK OPAK YESIL 24MM YIVLI 3GR | J44: 12 | K44: 12 | L44: 15.52 | M44: 10 | N44: 3 | R44: 44-43-42-41-40-39 | S44: 34-33-32-31-30-29 | T44: 1 | U44: 20 | V44: 25 | W44: 120 | X44: 205-195-190-185-180
A45: 46028 | B45: 24 | C45: ERKAN AKGÖZ | D45: SERKAN | E45: 2 | F45: 207 | G45: ENJ0038-10 KAPAK OPAK KIRMIZI 28MM YIVLI 10GR | J45: 12 | K45: 9 | L45: 28.95 | M45: 13 | N45: 5.85 | R45: 55-54-53-52-51-50 | S45: 45-44-43-42-41-40 | T45: 1.25 | U45: 15 | V45: 20 | W45: 140 | X45: 170-156-170-165-160 | Y45: 190-185-185-185-201-210-210-170-170-185-185-185
A46: 46028 | B46: 24 | C46: ERKAN AKGÖZ | D46: SERKAN | E46: 2 | F46: 209 | G46: ENJ0012-07 DAMLALIK OPAK TURUNCU 20MM YIVLI 2GR | J46: 12 | K46: 7 | L46: 26.9 | M46: 6 | N46: 5 | R46: 54-53-52-51 | S46: 48-47-46-45 | T46: 0.5 | U46: 30 | V46: 30 | W46: 148 | X46: 215-210-206-200-195-190
A47: 46028 | B47: 24 | C47: ERKAN AKGÖZ | D47: SERKAN | E47: 2 | F47: 210 | G47: ENJ0023-01 KAVANOZ KAPAK OPAK SARI 100MM YIVLI 13GR | J47: 4 | K47: 3 | L47: 19.8 | M47: 6 | N47: 4 | R47: 81-80-79-78 | S47: 64-63-62-61 | T47: 1 | U47: 25 | V47: 35 | W47: 101 | X47: 225-215-200-200-195-191 | Y47: 220-230-220-230
A48: 46028 | B48: 24 | C48: ERKAN AKGÖZ | D48: SERKAN | E48: 2 | F48: 211 | G48: ENJ0027-02 PIM SEFFAF 024MM YIVLI 1GR | J48: 24 | K48: 24 | L48: 22.1 | M48: 10 | N48: 4.4 | R48: 40-39-38-37-36 | S48: 31-30-29-28-27-26 | T48: 0.6 | U48: 15 | V48: 15 | W48: 110 | X48: 195-195-185-180
A49: 46028 | B49: 24 | C49: ERKAN AKGÖZ | D49: SERKAN | E49: 2 | F49: 212 | G49: ENJ0058-06 FLIPTOP SEFFAF LILA 28MM YIVLI 13GR | J49: 12 | K49: 11 | L49: 21.4 | M49: 12 | N49: 2 | R49: 80-75-70-45 | S49: 65-60-55-45 | T49: 0.5 | U49: 10 | V49: 25 | W49: 150 | X49: 180-180-180-180 | Y49: 195-195-195-195-195-195-195-195-195-185-260
A50: 46028 | B50: 24 | C50: ERKAN AKGÖZ | D50: SERKAN | E50: 2 | F50: 301 | G50: ENJ0042-01 KAVANOZ KAPAK OPAK SARI 90MM YIVLI 17GR | J50: 4 | K50: 4 | L50: 24.4 | M50: 8 | N50: 8.2 | R50: 50-49-48-47-46 | S50: 40-39-38-37-36-35 | T50: 2 | U50: 15 | V50: 20 | W50: 110 | X50: 220-215-210-200-195
A51: 46028 | B51: 24 | C51: ERKAN AKGÖZ | D51: SERKAN | E51: 2 | F51: 303 | G51: PRE0003 90 MM 4 GOZ YIVLI PREFORM 61GR SEFFAF SEFFAF KOLI STANDART | J51: 4 | K51: 3 | L51: 28.7 | M51: 13 | N51: 6 | R51: 77-76-75-74-73-72 | S51: 70-69-68-67-66-65 | T51: 2 | U51: 35 | V51: 55 | W51: 135 | X51: 300-280-280-280-275 | Y51: 62-62-62-60
A52: 46028 | B52: 24 | C52: ERKAN AKGÖZ | D52: SERKAN | E52: 2 | F52: 501 | G52: EBM0021-05 350ML OPAK SEDEFLI MOR 24MM YIVLI 28GR | J52: 6 | L52: 15.62 | O52: 9.3 | X52: 175-185-185-185-185-185-185-185-185-185-185-185-185-175-175-175-165-165-165-190-190-190-190
A53: 46028 | B53: 24 | C53: FEVZİ KILINÇ | D53: SERKAN | E53: 2 | F53: 102 | G53: PET0016-01 1500ML SEFFAF SEFFAF 28MM YIVLI 52GR | J53: 5 | K53: 4 | L53: 18.73 | M53: 4.2 | N53: 9.5 | O53: 6.2 | P53: 55 | Q53: 170 | X53: 280-280-288-270 | Y53: 275-275-275-275-275-275-275
A54: 46028 | B54: 24 | C54: FEVZİ KILINÇ | D54: SERKAN | E54: 2 | F54: 103 | G54: PET0005-01 700ML SEFFAF SARI 28MM YIVLI 40GR | J54: 5 | K54: 5 | L54: 15.87 | M54: 3.2 | N54: 7.2 | O54: 7 | P54: 45 | Q54: 130 | X54: 280-280-280-292-295 | Y54: 275-275-275-275-275
A55: 46028 | B55: 24 | C55: FEVZİ KILINÇ | D55: SERKAN | E55: 2 | F55: 104 | G55: PET0166-02 400ML SEFFAF SEFFAF 28MM YIVLI 25GR | J55: 6 | K55: 6 | L55: 12.63 | M55: 2.2 | N55: 5.5 | O55: 4 | P55: 50 | Q55: 170 | X55: 278-278-278-278-270-270 | Y55: 280-280-280-280
A56: 46028 | B56: 24 | C56: FEVZİ KILINÇ | D56: SERKAN | E56: 2 | F56: 161 | G56: PET0181-02 960ML OPAK SARI 38MM YIVLI 47GR | J56: 6 | K56: 6 | L56: 22.51 | M56: 8 | N56: 9 | O56: 3 | Q56: 180 | X56: 288-280-280-280 | Y56: 275-275-275
A57: 46028 | B57: 24 | C57: FEVZİ KILINÇ | D57: SERKAN | E57: 2 | F57: 171 | G57: PET0185-01 500ML SEFFAF SEFFAF 100MM YIVLI 45GR | J57: 3 | K57: 3 | L57: 14.78 | M57: 5 | N57: 5.5 | O57: 4 | Q57: 175 | X57: 280-280-280-285-285 | Y57: 280-280-280-280-280
A58: 46028 | B58: 24 | C58: FEVZİ KILINÇ | D58: SERKAN | E58: 2 | F58: 172 | G58: PET0057-01 1000ML SEFFAF SEFFAF 28MM YIVLI 45GR | J58: 4 | K58: 4 | L58: 16.64 | M58: 0.75 | N58: 9.3 | O58: 7 | P58: 80-50-66 | Q58: 170 | X58: 275-280-280-280-280 | Y58: 270-270-270-270
A59: 46028 | B59: 24 | C59: FEVZİ KILINÇ | D59: SERKAN | E59: 2 | F59: 173 | G59: PET0019-01 650ML SEFFAF UV 28MM CAKMA 40GR | J59: 5 | K59: 5 | L59: 17.82 | M59: 1 | N59: 12.5 | O59: 6 | P59: 52,5-46-42,8 | Q59: 175 | X59: 280-280-280-280-280 | Y59: 275-275-275-275
A60: 46028 | B60: 24 | C60: FEVZİ KILINÇ | D60: SERKAN | E60: 2 | F60: 174 | G60: PET0239-01 1000ML SEFFAF SEFFAF 110MM YIVLI 95GR | J60: 3 | K60: 3 | L60: 18.17 | M60: 4 | N60: 10 | O60: 8 | P60: 53-45-65 | Q60: 170 | X60: 280-280-280-280-280 | Y60: 275-275-275-275
A61: 46028 | B61: 24 | C61: FEVZİ KILINÇ | D61: SERKAN | E61: 2 | F61: 176 | G61: PET0015-06 1000ML OPAK SEDEFLI MOR 28MM YIVLI 52GR | J61: 5 | K61: 5 | L61: 18.63 | M61: 2.2 | N61: 12 | O61: 7 | P61: 54-44-53 | Q61: 170 | X61: 280-285-285-285-290 | Y61: 280-280-280-280
A62: 46028 | B62: 24 | C62: FEVZİ KILINÇ | D62: SERKAN | E62: 2 | F62: 177 | G62: PET0015-03 1000ML OPAK BEYAZ 28MM YIVLI 52GR | J62: 4 | K62: 4 | L62: 18.43 | M62: 2.7 | N62: 12 | O62: 8.3 | P62: 61-50-57 | Q62: 170 | X62: 275-275-280-280-280 | Y62: 260-260-260-260
A63: 46028 | B63: 24 | C63: FEVZİ KILINÇ | D63: SERKAN | E63: 2 | F63: 131 | G63: PET0110-01 100ML SEFFAF TURUNCU 24MM YIVLI 25GR | J63: 3 | K63: 3 | L63: 20.27 | M63: 3.5 | N63: 9.6 | O63: 6 | Q63: 180 | X63: 275-275-275-275 | Y63: 281-270-270-272-272
A64: 46028 | B64: 24 | C64: FEVZİ KILINÇ | D64: SERKAN | E64: 2 | F64: 132 | G64: PET0035-01 400ML SEFFAF SEFFAF 24MM YIVLI 29GR | J64: 3 | K64: 3 | L64: 20.67 | M64: 4 | N64: 10.5 | O64: 5.5 | Q64: 180 | X64: 280-275-275-275 | Y64: 260-260-260-265-265
A65: 46028 | B65: 24 | C65: FEVZİ KILINÇ | D65: SERKAN | E65: 2 | F65: 134 | G65: PET0104-01 100ML OPAK BEYAZ 24MM YIVLI 16GR | J65: 3 | K65: 3 | L65: 15.27 | M65: 4 | N65: 6 | O65: 5 | Q65: 160 | X65: 275-265-265-265 | Y65: 250-247-247-255-255
A66: 46028 | B66: 24 | C66: FEVZİ KILINÇ | D66: SERKAN | E66: 2 | F66: 135 | G66: PET0145-01 150ML SEFFAF KAHVE 38MM YIVLI 25GR | J66: 2 | K66: 2 | L66: 19.89 | M66: 6.4 | N66: 8 | O66: 4 | Q66: 165 | X66: 260-265-265-265 | Y66: 238-240-240-280-280
A67: 46028 | B67: 24 | C67: FEVZİ KILINÇ | D67: SERKAN | E67: 2 | F67: 138 | G67: PET0312-01 370ML SEFFAF SEFFAF 62MM YIVLI 26GR | J67: 3 | K67: 3 | L67: 12.61 | M67: 2.5 | N67: 5 | O67: 4 | Q67: 166 | X67: 295-280-280-280 | Y67: 285-285
A68: 46030 | B68: 24 | C68: FEVZİ KILINÇ | D68: SERKAN | E68: 2 | F68: 102 | G68: PET0016-01 1500ML SEFFAF SEFFAF 28MM YIVLI 52GR | J68: 5 | K68: 4 | L68: 18.73 | M68: 4.2 | N68: 9.5 | O68: 6.2 | P68: 55 | Q68: 170 | X68: 280-280-288-270 | Y68: 275-275-275-275-275-275-275
A69: 46030 | B69: 24 | C69: FEVZİ KILINÇ | D69: SERKAN | E69: 2 | F69: 103 | G69: PET0005-01 700ML SEFFAF SARI 28MM YIVLI 40GR | J69: 5 | K69: 5 | L69: 15.87 | M69: 3.2 | N69: 7.2 | O69: 7 | P69: 45 | Q69: 130 | X69: 280-280-280-292-295 | Y69: 275-275-275-275-275
A70: 46030 | B70: 24 | C70: FEVZİ KILINÇ | D70: SERKAN | E70: 2 | F70: 104 | G70: PET0166-02 400ML SEFFAF SEFFAF 28MM YIVLI 25GR | J70: 6 | K70: 6 | L70: 12.63 | M70: 2.2 | N70: 5.5 | O70: 4 | P70: 50 | Q70: 170 | X70: 278-278-278-278-270-270 | Y70: 280-280-280-280
A71: 46030 | B71: 24 | C71: FEVZİ KILINÇ | D71: SERKAN | E71: 2 | F71: 161 | G71: PET0181-02 960ML OPAK SARI 38MM YIVLI 47GR | J71: 6 | K71: 6 | L71: 22.51 | M71: 8 | N71: 9 | O71: 3 | Q71: 180 | X71: 288-280-280-280 | Y71: 275-275-275
A72: 46030 | B72: 24 | C72: FEVZİ KILINÇ | D72: SERKAN | E72: 2 | F72: 171 | G72: PET0185-01 500ML SEFFAF SEFFAF 100MM YIVLI 45GR | J72: 3 | K72: 3 | L72: 14.78 | M72: 5 | N72: 5.5 | O72: 4 | Q72: 175 | X72: 280-280-280-285-285 | Y72: 280-280-280-280-280
A73: 46030 | B73: 24 | C73: FEVZİ KILINÇ | D73: SERKAN | E73: 2 | F73: 172 | G73: PET0057-01 1000ML SEFFAF SEFFAF 28MM YIVLI 45GR | J73: 4 | K73: 4 | L73: 16.64 | M73: 0.75 | N73: 9.3 | O73: 7 | P73: 80-50-66 | Q73: 170 | X73: 275-280-280-280-280 | Y73: 270-270-270-270
A74: 46030 | B74: 24 | C74: FEVZİ KILINÇ | D74: SERKAN | E74: 2 | F74: 173 | G74: PET0019-01 650ML SEFFAF UV 28MM CAKMA 40GR | J74: 5 | K74: 5 | L74: 17.82 | M74: 1 | N74: 12.5 | O74: 6 | P74: 52,5-46-42,8 | Q74: 175 | X74: 280-280-280-280-280 | Y74: 275-275-275-275
A75: 46030 | B75: 24 | C75: FEVZİ KILINÇ | D75: SERKAN | E75: 2 | F75: 174 | G75: PET0239-01 1000ML SEFFAF SEFFAF 110MM YIVLI 95GR | J75: 3 | K75: 3 | L75: 18.17 | M75: 4 | N75: 10 | O75: 8 | P75: 53-45-65 | Q75: 170 | X75: 280-280-280-280-280 | Y75: 275-275-275-275
A76: 46030 | B76: 24 | C76: FEVZİ KILINÇ | D76: SERKAN | E76: 2 | F76: 176 | G76: PET0015-06 1000ML OPAK SEDEFLI MOR 28MM YIVLI 52GR | J76: 5 | K76: 5 | L76: 18.63 | M76: 2.2 | N76: 12 | O76: 7 | P76: 54-44-53 | Q76: 170 | X76: 280-285-285-285-290 | Y76: 280-280-280-280
A77: 46030 | B77: 24 | C77: FEVZİ KILINÇ | D77: SERKAN | E77: 2 | F77: 177 | G77: PET0015-03 1000ML OPAK BEYAZ 28MM YIVLI 52GR | J77: 4 | K77: 4 | L77: 18.43 | M77: 2.7 | N77: 12 | O77: 8.3 | P77: 61-50-57 | Q77: 170 | X77: 275-275-280-280-280 | Y77: 260-260-260-260
A78: 46030 | B78: 24 | C78: FEVZİ KILINÇ | D78: SERKAN | E78: 2 | F78: 131 | G78: PET0110-01 100ML SEFFAF TURUNCU 24MM YIVLI 25GR | J78: 3 | K78: 3 | L78: 20.27 | M78: 3.5 | N78: 9.6 | O78: 6 | Q78: 180 | X78: 275-275-275-275 | Y78: 281-270-270-272-272
A79: 46030 | B79: 24 | C79: FEVZİ KILINÇ | D79: SERKAN | E79: 2 | F79: 132 | G79: PET0035-01 400ML SEFFAF SEFFAF 24MM YIVLI 29GR | J79: 3 | K79: 3 | L79: 20.67 | M79: 4 | N79: 10.5 | O79: 5.5 | Q79: 180 | X79: 280-275-275-275 | Y79: 260-260-260-265-265
A80: 46030 | B80: 24 | C80: FEVZİ KILINÇ | D80: SERKAN | E80: 2 | F80: 134 | G80: PET0104-01 100ML OPAK BEYAZ 24MM YIVLI 16GR | J80: 3 | K80: 3 | L80: 15.27 | M80: 4 | N80: 6 | O80: 5 | Q80: 160 | X80: 275-265-265-265 | Y80: 250-247-247-255-255
A81: 46030 | B81: 24 | C81: FEVZİ KILINÇ | D81: SERKAN | E81: 2 | F81: 135 | G81: PET0145-01 150ML SEFFAF KAHVE 38MM YIVLI 25GR | J81: 2 | K81: 2 | L81: 19.89 | M81: 6.4 | N81: 8 | O81: 4 | Q81: 165 | X81: 260-265-265-265 | Y81: 238-240-240-280-280
A82: 46030 | B82: 24 | C82: FEVZİ KILINÇ | D82: SERKAN | E82: 2 | F82: 138 | G82: PET0312-01 370ML SEFFAF SEFFAF 62MM YIVLI 26GR | J82: 3 | K82: 3 | L82: 12.61 | M82: 2.5 | N82: 5 | O82: 4 | Q82: 166 | X82: 295-280-280-280 | Y82: 285-285
A83: 46030 | B83: 24 | C83: FEVZİ KILINÇ | D83: SERKAN | E83: 2

Sheet FK_ÜRÜN_ÇEVRİM
H1: PAZARTESİ | J1: SALI | L1: ÇARŞAMBA | N1: PERŞEMBE | P1: CUMA | R1: CUMARTESİ
A2: Makine Adı | B2: 45936 | C2: 45937 | D2: 45938 | E2: 45939 | F2: 45940 | G2: 45941 | H2: 45950 | I2: 45950 | J2: 45951 | K2: 45951 | L2: 45952 | M2: 45952 | N2: 45953 | O2: 45953 | P2: 45954 | Q2: 45954 | R2: 45955 | S2: 45955
A3: 101 | B3: {=IFERROR(INDEX('PROSES ENJEKSİYON'!$L:$L, MATCH(1,('PROSES ENJEKSİYON'!$A:$A=$B$2)*('PROSES ENJEKSİYON'!$F:$F=A3),0)), "")} | C3: {=IFERROR(INDEX('PROSES ENJEKSİYON'!$L:$L,MATCH(1,('PROSES ENJEKSİYON'!$A:$A=$C$2)*('PROSES ENJEKSİYON'!$F:$F=A3),0)),"")} | D3: {=IFERROR(INDEX('PROSES ENJEKSİYON'!$L:$L,MATCH(1,('PROSES ENJEKSİYON'!$A:$A=$D$2)*('PROSES ENJEKSİYON'!$F:$F=A3),0)),"")} | E3: {=IFERROR(INDEX('PROSES ENJEKSİYON'!$L:$L,MATCH(1,('PROSES ENJEKSİYON'!$A:$A=$E$2)*('PROSES ENJEKSİYON'!$F:$F=A3),0)),"")} | F3: {=IFERROR(INDEX('PROSES ENJEKSİYON'!$L:$L,MATCH(1,('PROSES ENJEKSİYON'!$A:$A=$F$2)*('PROSES ENJEKSİYON'!$F:$F=A3),0)),"")} | G3: {=IFERROR(INDEX('PROSES ENJEKSİYON'!$L:$L,MATCH(1,('PROSES ENJEKSİYON'!$A:$A=$G$2)*('PROSES ENJEKSİYON'!$F:$F=A3),0)),"")} | I3: {=IFERROR(INDEX('PROSES ENJEKSİYON'!$L:$L,MATCH(1,('PROSES ENJEKSİYON'!$A:$A=$I$2)*('PROSES ENJEKSİYON'!$F:$F=A3),0)),"")} | K3: {=IFERROR(INDEX('PROSES ENJEKSİYON'!$L:$L,MATCH(1,('PROSES ENJEKSİYON'!$A:$A=$K$2)*('PROSES ENJEKSİYON'!$F:$F=A3),0)),"")} | M3: {=IFERROR(INDEX('PROSES ENJEKSİYON'!$L:$L,MATCH(1,('PROSES ENJEKSİYON'!$A:$A=$M$2)*('PROSES ENJEKSİYON'!$F:$F=A3),0)),"")} | O3: {=IFERROR(INDEX('PROSES ENJEKSİYON'!$L:$L,MATCH(1,('PROSES ENJEKSİYON'!$A:$A=$O$2)*('PROSES ENJEKSİYON'!$F:$F=A3),0)),"")} | Q3: {=IFERROR(INDEX('PROSES ENJEKSİYON'!$L:$L,MATCH(1,('PROSES ENJEKSİYON'!$A:$A=$Q$2)*('PROSES ENJEKSİYON'!$F:$F=A3),0)),"")} | S3: {=IFERROR(INDEX('PROSES ENJEKSİYON'!$L:$L,MATCH(1,('PROSES ENJEKSİYON'!$A:$A=$Q$2)*('PROSES ENJEKSİYON'!$F:$F=C3),0)),"")}
A4: 102 | B4: {=IFERROR(INDEX('PROSES ENJEKSİYON'!$L:$L, MATCH(1,('PROSES ENJEKSİYON'!$A:$A=$B$2)*('PROSES ENJEKSİYON'!$F:$F=A4),0)), "")} | C4: {=IFERROR(INDEX('PROSES ENJEKSİYON'!$L:$L,MATCH(1,('PROSES ENJEKSİYON'!$A:$A=$C$2)*('PROSES ENJEKSİYON'!$F:$F=A4),0)),"")} | D4: {=IFERROR(INDEX('PROSES ENJEKSİYON'!$L:$L,MATCH(1,('PROSES ENJEKSİYON'!$A:$A=$D$2)*('PROSES ENJEKSİYON'!$F:$F=A4),0)),"")} | E4: {=IFERROR(INDEX('PROSES ENJEKSİYON'!$L:$L,MATCH(1,('PROSES ENJEKSİYON'!$A:$A=$E$2)*('PROSES ENJEKSİYON'!$F:$F=A4),0)),"")} | F4: {=IFERROR(INDEX('PROSES ENJEKSİYON'!$L:$L,MATCH(1,('PROSES ENJEKSİYON'!$A:$A=$F$2)*('PROSES ENJEKSİYON'!$F:$F=A4),0)),"")} | G4: {=IFERROR(INDEX('PROSES ENJEKSİYON'!$L:$L,MATCH(1,('PROSES ENJEKSİYON'!$A:$A=$G$2)*('PROSES ENJEKSİYON'!$F:$F=A4),0)),"")} | I4: {=IFERROR(INDEX('PROSES ENJEKSİYON'!$L:$L,MATCH(1,('PROSES ENJEKSİYON'!$A:$A=$I$2)*('PROSES ENJEKSİYON'!$F:$F=A4),0)),"")} | K4: {=IFERROR(INDEX('PROSES ENJEKSİYON'!$L:$L,MATCH(1,('PROSES ENJEKSİYON'!$A:$A=$K$2)*('PROSES ENJEKSİYON'!$F:$F=A4),0)),"")} | M4: {=IFERROR(INDEX('PROSES ENJEKSİYON'!$L:$L,MATCH(1,('PROSES ENJEKSİYON'!$A:$A=$M$2)*('PROSES ENJEKSİYON'!$F:$F=A4),0)),"")} | O4: {=IFERROR(INDEX('PROSES ENJEKSİYON'!$L:$L,MATCH(1,('PROSES ENJEKSİYON'!$A:$A=$O$2)*('PROSES ENJEKSİYON'!$F:$F=A4),0)),"")} | Q4: {=IFERROR(INDEX('PROSES ENJEKSİYON'!$L:$L,MATCH(1,('PROSES ENJEKSİYON'!$A:$A=$Q$2)*('PROSES ENJEKSİYON'!$F:$F=A4),0)),"")} | S4: {=IFERROR(INDEX('PROSES ENJEKSİYON'!$L:$L,MATCH(1,('PROSES ENJEKSİYON'!$A:$A=$Q$2)*('PROSES ENJEKSİYON'!$F:$F=C4),0)),"")}
A5: 103 | B5: {=IFERROR(INDEX('PROSES ENJEKSİYON'!$L:$L, MATCH(1,('PROSES ENJEKSİYON'!$A:$A=$B$2)*('PROSES ENJEKSİYON'!$F:$F=A5),0)), "")} | C5: {=IFERROR(INDEX('PROSES ENJEKSİYON'!$L:$L,MATCH(1,('PROSES ENJEKSİYON'!$A:$A=$C$2)*('PROSES ENJEKSİYON'!$F:$F=A5),0)),"")} | D5: {=IFERROR(INDEX('PROSES ENJEKSİYON'!$L:$L,MATCH(1,('PROSES ENJEKSİYON'!$A:$A=$D$2)*('PROSES ENJEKSİYON'!$F:$F=A5),0)),"")} | E5: {=IFERROR(INDEX('PROSES ENJEKSİYON'!$L:$L,MATCH(1,('PROSES ENJEKSİYON'!$A:$A=$E$2)*('PROSES ENJEKSİYON'!$F:$F=A5),0)),"")} | F5: {=IFERROR(INDEX('PROSES ENJEKSİYON'!$L:$L,MATCH(1,('PROSES ENJEKSİYON'!$A:$A=$F$2)*('PROSES ENJEKSİYON'!$F:$F=A5),0)),"")} | G5: {=IFERROR(INDEX('PROSES ENJEKSİYON'!$L:$L,MATCH(1,('PROSES ENJEKSİYON'!$A:$A=$G$2)*('PROSES ENJEKSİYON'!$F:$F=A5),0)),"")} | I5: {=IFERROR(INDEX('PROSES ENJEKSİYON'!$L:$L,MATCH(1,('PROSES ENJEKSİYON'!$A:$A=$I$2)*('PROSES ENJEKSİYON'!$F:$F=A5),0)),"")} | K5: {=IFERROR(INDEX('PROSES ENJEKSİYON'!$L:$L,MATCH(1,('PROSES ENJEKSİYON'!$A:$A=$K$2)*('PROSES ENJEKSİYON'!$F:$F=A5),0)),"")} | M5: {=IFERROR(INDEX('PROSES ENJEKSİYON'!$L:$L,MATCH(1,('PROSES ENJEKSİYON'!$A:$A=$M$2)*('PROSES ENJEKSİYON'!$F:$F=A5),0)),"")} | O5: {=IFERROR(INDEX('PROSES ENJEKSİYON'!$L:$L,MATCH(1,('PROSES ENJEKSİYON'!$A:$A=$O$2)*('PROSES ENJEKSİYON'!$F:$F=A5),0)),"")} | Q5: {=IFERROR(INDEX('PROSES ENJEKSİYON'!$L:$L,MATCH(1,('PROSES ENJEKSİYON'!$A:$A=$Q$2)*('PROSES ENJEKSİYON'!$F:$F=A5),0)),"")} | S5: {=IFERROR(INDEX('PROSES ENJEKSİYON'!$L:$L,MATCH(1,('PROSES ENJEKSİYON'!$A:$A=$Q$2)*('PROSES ENJEKSİYON'!$F:$F=C5),0)),"")}
A6: 104 | B6: {=IFERROR(INDEX('PROSES ENJEKSİYON'!$L:$L, MATCH(1,('PROSES ENJEKSİYON'!$A:$A=$B$2)*('PROSES ENJEKSİYON'!$F:$F=A6),0)), "")} | C6: {=IFERROR(INDEX('PROSES ENJEKSİYON'!$L:$L,MATCH(1,('PROSES ENJEKSİYON'!$A:$A=$C$2)*('PROSES ENJEKSİYON'!$F:$F=A6),0)),"")} | D6: {=IFERROR(INDEX('PROSES ENJEKSİYON'!$L:$L,MATCH(1,('PROSES ENJEKSİYON'!$A:$A=$D$2)*('PROSES ENJEKSİYON'!$F:$F=A6),0)),"")} | E6: {=IFERROR(INDEX('PROSES ENJEKSİYON'!$L:$L,MATCH(1,('PROSES ENJEKSİYON'!$A:$A=$E$2)*('PROSES ENJEKSİYON'!$F:$F=A6),0)),"")} | F6: {=IFERROR(INDEX('PROSES ENJEKSİYON'!$L:$L,MATCH(1,('PROSES ENJEKSİYON'!$A:$A=$F$2)*('PROSES ENJEKSİYON'!$F:$F=A6),0)),"")} | G6: {=IFERROR(INDEX('PROSES ENJEKSİYON'!$L:$L,MATCH(1,('PROSES ENJEKSİYON'!$A:$A=$G$2)*('PROSES ENJEKSİYON'!$F:$F=A6),0)),"")} | I6: {=IFERROR(INDEX('PROSES ENJEKSİYON'!$L:$L,MATCH(1,('PROSES ENJEKSİYON'!$A:$A=$I$2)*('PROSES ENJEKSİYON'!$F:$F=A6),0)),"")} | K6: {=IFERROR(INDEX('PROSES ENJEKSİYON'!$L:$L,MATCH(1,('PROSES ENJEKSİYON'!$A:$A=$K$2)*('PROSES ENJEKSİYON'!$F:$F=A6),0)),"")} | M6: {=IFERROR(INDEX('PROSES ENJEKSİYON'!$L:$L,MATCH(1,('PROSES ENJEKSİYON'!$A:$A=$M$2)*('PROSES ENJEKSİYON'!$F:$F=A6),0)),"")} | O6: {=IFERROR(INDEX('PROSES ENJEKSİYON'!$L:$L,MATCH(1,('PROSES ENJEKSİYON'!$A:$A=$O$2)*('PROSES ENJEKSİYON'!$F:$F=A6),0)),"")} | Q6: {=IFERROR(INDEX('PROSES ENJEKSİYON'!$L:$L,MATCH(1,('PROSES ENJEKSİYON'!$A:$A=$Q$2)*('PROSES ENJEKSİYON'!$F:$F=A6),0)),"")} | S6: {=IFERROR(INDEX('PROSES ENJEKSİYON'!$L:$L,MATCH(1,('PROSES ENJEKSİYON'!$A:$A=$Q$2)*('PROSES ENJEKSİYON'!$F:$F=C6),0)),"")}
A7: 161 | B7: {=IFERROR(INDEX('PROSES ENJEKSİYON'!$L:$L, MATCH(1,('PROSES ENJEKSİYON'!$A:$A=$B$2)*('PROSES ENJEKSİYON'!$F:$F=A7),0)), "")} | C7: {=IFERROR(INDEX('PROSES ENJEKSİYON'!$L:$L,MATCH(1,('PROSES ENJEKSİYON'!$A:$A=$C$2)*('PROSES ENJEKSİYON'!$F:$F=A7),0)),"")} | D7: {=IFERROR(INDEX('PROSES ENJEKSİYON'!$L:$L,MATCH(1,('PROSES ENJEKSİYON'!$A:$A=$D$2)*('PROSES ENJEKSİYON'!$F:$F=A7),0)),"")} | E7: {=IFERROR(INDEX('PROSES ENJEKSİYON'!$L:$L,MATCH(1,('PROSES ENJEKSİYON'!$A:$A=$E$2)*('PROSES ENJEKSİYON'!$F:$F=A7),0)),"")} | F7: {=IFERROR(INDEX('PROSES ENJEKSİYON'!$L:$L,MATCH(1,('PROSES ENJEKSİYON'!$A:$A=$F$2)*('PROSES ENJEKSİYON'!$F:$F=A7),0)),"")} | G7: {=IFERROR(INDEX('PROSES ENJEKSİYON'!$L:$L,MATCH(1,('PROSES ENJEKSİYON'!$A:$A=$G$2)*('PROSES ENJEKSİYON'!$F:$F=A7),0)),"")} | I7: {=IFERROR(INDEX('PROSES ENJEKSİYON'!$L:$L,MATCH(1,('PROSES ENJEKSİYON'!$A:$A=$I$2)*('PROSES ENJEKSİYON'!$F:$F=A7),0)),"")} | K7: {=IFERROR(INDEX('PROSES ENJEKSİYON'!$L:$L,MATCH(1,('PROSES ENJEKSİYON'!$A:$A=$K$2)*('PROSES ENJEKSİYON'!$F:$F=A7),0)),"")} | M7: {=IFERROR(INDEX('PROSES ENJEKSİYON'!$L:$L,MATCH(1,('PROSES ENJEKSİYON'!$A:$A=$M$2)*('PROSES ENJEKSİYON'!$F:$F=A7),0)),"")} | O7: {=IFERROR(INDEX('PROSES ENJEKSİYON'!$L:$L,MATCH(1,('PROSES ENJEKSİYON'!$A:$A=$O$2)*('PROSES ENJEKSİYON'!$F:$F=A7),0)),"")} | Q7: {=IFERROR(INDEX('PROSES ENJEKSİYON'!$L:$L,MATCH(1,('PROSES ENJEKSİYON'!$A:$A=$Q$2)*('PROSES ENJEKSİYON'!$F:$F=A7),0)),"")} | S7: {=IFERROR(INDEX('PROSES ENJEKSİYON'!$L:$L,MATCH(1,('PROSES ENJEKSİYON'!$A:$A=$Q$2)*('PROSES ENJEKSİYON'!$F:$F=C7),0)),"")}
A8: 162 | B8: {=IFERROR(INDEX('PROSES ENJEKSİYON'!$L:$L, MATCH(1,('PROSES ENJEKSİYON'!$A:$A=$B$2)*('PROSES ENJEKSİYON'!$F:$F=A8),0)), "")} | C8: {=IFERROR(INDEX('PROSES ENJEKSİYON'!$L:$L,MATCH(1,('PROSES ENJEKSİYON'!$A:$A=$C$2)*('PROSES ENJEKSİYON'!$F:$F=A8),0)),"")} | D8: {=IFERROR(INDEX('PROSES ENJEKSİYON'!$L:$L,MATCH(1,('PROSES ENJEKSİYON'!$A:$A=$D$2)*('PROSES ENJEKSİYON'!$F:$F=A8),0)),"")} | E8: {=IFERROR(INDEX('PROSES ENJEKSİYON'!$L:$L,MATCH(1,('PROSES ENJEKSİYON'!$A:$A=$E$2)*('PROSES ENJEKSİYON'!$F:$F=A8),0)),"")} | F8: {=IFERROR(INDEX('PROSES ENJEKSİYON'!$L:$L,MATCH(1,('PROSES ENJEKSİYON'!$A:$A=$F$2)*('PROSES ENJEKSİYON'!$F:$F=A8),0)),"")} | G8: {=IFERROR(INDEX('PROSES ENJEKSİYON'!$L:$L,MATCH(1,('PROSES ENJEKSİYON'!$A:$A=$G$2)*('PROSES ENJEKSİYON'!$F:$F=A8),0)),"")} | I8: {=IFERROR(INDEX('PROSES ENJEKSİYON'!$L:$L,MATCH(1,('PROSES ENJEKSİYON'!$A:$A=$I$2)*('PROSES ENJEKSİYON'!$F:$F=A8),0)),"")} | K8: {=IFERROR(INDEX('PROSES ENJEKSİYON'!$L:$L,MATCH(1,('PROSES ENJEKSİYON'!$A:$A=$K$2)*('PROSES ENJEKSİYON'!$F:$F=A8),0)),"")} | M8: {=IFERROR(INDEX('PROSES ENJEKSİYON'!$L:$L,MATCH(1,('PROSES ENJEKSİYON'!$A:$A=$M$2)*('PROSES ENJEKSİYON'!$F:$F=A8),0)),"")} | O8: {=IFERROR(INDEX('PROSES ENJEKSİYON'!$L:$L,MATCH(1,('PROSES ENJEKSİYON'!$A:$A=$O$2)*('PROSES ENJEKSİYON'!$F:$F=A8),0)),"")} | Q8: {=IFERROR(INDEX('PROSES ENJEKSİYON'!$L:$L,MATCH(1,('PROSES ENJEKSİYON'!$A:$A=$Q$2)*('PROSES ENJEKSİYON'!$F:$F=A8),0)),"")} | S8: {=IFERROR(INDEX('PROSES ENJEKSİYON'!$L:$L,MATCH(1,('PROSES ENJEKSİYON'!$A:$A=$Q$2)*('PROSES ENJEKSİYON'!$F:$F=C8),0)),"")}
A9: 163 | B9: {=IFERROR(INDEX('PROSES ENJEKSİYON'!$L:$L, MATCH(1,('PROSES ENJEKSİYON'!$A:$A=$B$2)*('PROSES ENJEKSİYON'!$F:$F=A9),0)), "")} | C9: {=IFERROR(INDEX('PROSES ENJEKSİYON'!$L:$L,MATCH(1,('PROSES ENJEKSİYON'!$A:$A=$C$2)*('PROSES ENJEKSİYON'!$F:$F=A9),0)),"")} | D9: {=IFERROR(INDEX('PROSES ENJEKSİYON'!$L:$L,MATCH(1,('PROSES ENJEKSİYON'!$A:$A=$D$2)*('PROSES ENJEKSİYON'!$F:$F=A9),0)),"")} | E9: {=IFERROR(INDEX('PROSES ENJEKSİYON'!$L:$L,MATCH(1,('PROSES ENJEKSİYON'!$A:$A=$E$2)*('PROSES ENJEKSİYON'!$F:$F=A9),0)),"")} | F9: {=IFERROR(INDEX('PROSES ENJEKSİYON'!$L:$L,MATCH(1,('PROSES ENJEKSİYON'!$A:$A=$F$2)*('PROSES ENJEKSİYON'!$F:$F=A9),0)),"")} | G9: {=IFERROR(INDEX('PROSES ENJEKSİYON'!$L:$L,MATCH(1,('PROSES ENJEKSİYON'!$A:$A=$G$2)*('PROSES ENJEKSİYON'!$F:$F=A9),0)),"")} | I9: {=IFERROR(INDEX('PROSES ENJEKSİYON'!$L:$L,MATCH(1,('PROSES ENJEKSİYON'!$A:$A=$I$2)*('PROSES ENJEKSİYON'!$F:$F=A9),0)),"")} | K9: {=IFERROR(INDEX('PROSES ENJEKSİYON'!$L:$L,MATCH(1,('PROSES ENJEKSİYON'!$A:$A=$K$2)*('PROSES ENJEKSİYON'!$F:$F=A9),0)),"")} | M9: {=IFERROR(INDEX('PROSES ENJEKSİYON'!$L:$L,MATCH(1,('PROSES ENJEKSİYON'!$A:$A=$M$2)*('PROSES ENJEKSİYON'!$F:$F=A9),0)),"")} | O9: {=IFERROR(INDEX('PROSES ENJEKSİYON'!$L:$L,MATCH(1,('PROSES ENJEKSİYON'!$A:$A=$O$2)*('PROSES ENJEKSİYON'!$F:$F=A9),0)),"")} | Q9: {=IFERROR(INDEX('PROSES ENJEKSİYON'!$L:$L,MATCH(1,('PROSES ENJEKSİYON'!$A:$A=$Q$2)*('PROSES ENJEKSİYON'!$F:$F=A9),0)),"")} | S9: {=IFERROR(INDEX('PROSES ENJEKSİYON'!$L:$L,MATCH(1,('PROSES ENJEKSİYON'!$A:$A=$Q$2)*('PROSES ENJEKSİYON'!$F:$F=C9),0)),"")}
A10: 164 | B10: {=IFERROR(INDEX('PROSES ENJEKSİYON'!$L:$L, MATCH(1,('PROSES ENJEKSİYON'!$A:$A=$B$2)*('PROSES ENJEKSİYON'!$F:$F=A10),0)), "")} | C10: {=IFERROR(INDEX('PROSES ENJEKSİYON'!$L:$L,MATCH(1,('PROSES ENJEKSİYON'!$A:$A=$C$2)*('PROSES ENJEKSİYON'!$F:$F=A10),0)),"")} | D10: {=IFERROR(INDEX('PROSES ENJEKSİYON'!$L:$L,MATCH(1,('PROSES ENJEKSİYON'!$A:$A=$D$2)*('PROSES ENJEKSİYON'!$F:$F=A10),0)),"")} | E10: {=IFERROR(INDEX('PROSES ENJEKSİYON'!$L:$L,MATCH(1,('PROSES ENJEKSİYON'!$A:$A=$E$2)*('PROSES ENJEKSİYON'!$F:$F=A10),0)),"")} | F10: {=IFERROR(INDEX('PROSES ENJEKSİYON'!$L:$L,MATCH(1,('PROSES ENJEKSİYON'!$A:$A=$F$2)*('PROSES ENJEKSİYON'!$F:$F=A10),0)),"")} | G10: {=IFERROR(INDEX('PROSES ENJEKSİYON'!$L:$L,MATCH(1,('PROSES ENJEKSİYON'!$A:$A=$G$2)*('PROSES ENJEKSİYON'!$F:$F=A10),0)),"")} | I10: {=IFERROR(INDEX('PROSES ENJEKSİYON'!$L:$L,MATCH(1,('PROSES ENJEKSİYON'!$A:$A=$I$2)*('PROSES ENJEKSİYON'!$F:$F=A10),0)),"")} | K10: {=IFERROR(INDEX('PROSES ENJEKSİYON'!$L:$L,MATCH(1,('PROSES ENJEKSİYON'!$A:$A=$K$2)*('PROSES ENJEKSİYON'!$F:$F=A10),0)),"")} | M10: {=IFERROR(INDEX('PROSES ENJEKSİYON'!$L:$L,MATCH(1,('PROSES ENJEKSİYON'!$A:$A=$M$2)*('PROSES ENJEKSİYON'!$F:$F=A10),0)),"")} | O10: {=IFERROR(INDEX('PROSES ENJEKSİYON'!$L:$L,MATCH(1,('PROSES ENJEKSİYON'!$A:$A=$O$2)*('PROSES ENJEKSİYON'!$F:$F=A10),0)),"")} | Q10: {=IFERROR(INDEX('PROSES ENJEKSİYON'!$L:$L,MATCH(1,('PROSES ENJEKSİYON'!$A:$A=$Q$2)*('PROSES ENJEKSİYON'!$F:$F=A10),0)),"")} | S10: {=IFERROR(INDEX('PROSES ENJEKSİYON'!$L:$L,MATCH(1,('PROSES ENJEKSİYON'!$A:$A=$Q$2)*('PROSES ENJEKSİYON'!$F:$F=C10),0)),"")}
A11: 181 | B11: {=IFERROR(INDEX('PROSES ENJEKSİYON'!$L:$L, MATCH(1,('PROSES ENJEKSİYON'!$A:$A=$B$2)*('PROSES ENJEKSİYON'!$F:$F=A11),0)), "")} | C11: {=IFERROR(INDEX('PROSES ENJEKSİYON'!$L:$L,MATCH(1,('PROSES ENJEKSİYON'!$A:$A=$C$2)*('PROSES ENJEKSİYON'!$F:$F=A11),0)),"")} | D11: {=IFERROR(INDEX('PROSES ENJEKSİYON'!$L:$L,MATCH(1,('PROSES ENJEKSİYON'!$A:$A=$D$2)*('PROSES ENJEKSİYON'!$F:$F=A11),0)),"")} | E11: {=IFERROR(INDEX('PROSES ENJEKSİYON'!$L:$L,MATCH(1,('PROSES ENJEKSİYON'!$A:$A=$E$2)*('PROSES ENJEKSİYON'!$F:$F=A11),0)),"")} | F11: {=IFERROR(INDEX('PROSES ENJEKSİYON'!$L:$L,MATCH(1,('PROSES ENJEKSİYON'!$A:$A=$F$2)*('PROSES ENJEKSİYON'!$F:$F=A11),0)),"")} | G11: {=IFERROR(INDEX('PROSES ENJEKSİYON'!$L:$L,MATCH(1,('PROSES ENJEKSİYON'!$A:$A=$G$2)*('PROSES ENJEKSİYON'!$F:$F=A11),0)),"")} | I11: {=IFERROR(INDEX('PROSES ENJEKSİYON'!$L:$L,MATCH(1,('PROSES ENJEKSİYON'!$A:$A=$I$2)*('PROSES ENJEKSİYON'!$F:$F=A11),0)),"")} | K11: {=IFERROR(INDEX('PROSES ENJEKSİYON'!$L:$L,MATCH(1,('PROSES ENJEKSİYON'!$A:$A=$K$2)*('PROSES ENJEKSİYON'!$F:$F=A11),0)),"")} | M11: {=IFERROR(INDEX('PROSES ENJEKSİYON'!$L:$L,MATCH(1,('PROSES ENJEKSİYON'!$A:$A=$M$2)*('PROSES ENJEKSİYON'!$F:$F=A11),0)),"")} | O11: {=IFERROR(INDEX('PROSES ENJEKSİYON'!$L:$L,MATCH(1,('PROSES ENJEKSİYON'!$A:$A=$O$2)*('PROSES ENJEKSİYON'!$F:$F=A11),0)),"")} | Q11: {=IFERROR(INDEX('PROSES ENJEKSİYON'!$L:$L,MATCH(1,('PROSES ENJEKSİYON'!$A:$A=$Q$2)*('PROSES ENJEKSİYON'!$F:$F=A11),0)),"")} | S11: {=IFERROR(INDEX('PROSES ENJEKSİYON'!$L:$L,MATCH(1,('PROSES ENJEKSİYON'!$A:$A=$Q$2)*('PROSES ENJEKSİYON'!$F:$F=C11),0)),"")}
A12: 182 | B12: {=IFERROR(INDEX('PROSES ENJEKSİYON'!$L:$L, MATCH(1,('PROSES ENJEKSİYON'!$A:$A=$B$2)*('PROSES ENJEKSİYON'!$F:$F=A12),0)), "")} | C12: {=IFERROR(INDEX('PROSES ENJEKSİYON'!$L:$L,MATCH(1,('PROSES ENJEKSİYON'!$A:$A=$C$2)*('PROSES ENJEKSİYON'!$F:$F=A12),0)),"")} | D12: {=IFERROR(INDEX('PROSES ENJEKSİYON'!$L:$L,MATCH(1,('PROSES ENJEKSİYON'!$A:$A=$D$2)*('PROSES ENJEKSİYON'!$F:$F=A12),0)),"")} | E12: {=IFERROR(INDEX('PROSES ENJEKSİYON'!$L:$L,MATCH(1,('PROSES ENJEKSİYON'!$A:$A=$E$2)*('PROSES ENJEKSİYON'!$F:$F=A12),0)),"")} | F12: {=IFERROR(INDEX('PROSES ENJEKSİYON'!$L:$L,MATCH(1,('PROSES ENJEKSİYON'!$A:$A=$F$2)*('PROSES ENJEKSİYON'!$F:$F=A12),0)),"")} | G12: {=IFERROR(INDEX('PROSES ENJEKSİYON'!$L:$L,MATCH(1,('PROSES ENJEKSİYON'!$A:$A=$G$2)*('PROSES ENJEKSİYON'!$F:$F=A12),0)),"")} | I12: {=IFERROR(INDEX('PROSES ENJEKSİYON'!$L:$L,MATCH(1,('PROSES ENJEKSİYON'!$A:$A=$I$2)*('PROSES ENJEKSİYON'!$F:$F=A12),0)),"")} | K12: {=IFERROR(INDEX('PROSES ENJEKSİYON'!$L:$L,MATCH(1,('PROSES ENJEKSİYON'!$A:$A=$K$2)*('PROSES ENJEKSİYON'!$F:$F=A12),0)),"")} | M12: {=IFERROR(INDEX('PROSES ENJEKSİYON'!$L:$L,MATCH(1,('PROSES ENJEKSİYON'!$A:$A=$M$2)*('PROSES ENJEKSİYON'!$F:$F=A12),0)),"")} | O12: {=IFERROR(INDEX('PROSES ENJEKSİYON'!$L:$L,MATCH(1,('PROSES ENJEKSİYON'!$A:$A=$O$2)*('PROSES ENJEKSİYON'!$F:$F=A12),0)),"")} | Q12: {=IFERROR(INDEX('PROSES ENJEKSİYON'!$L:$L,MATCH(1,('PROSES ENJEKSİYON'!$A:$A=$Q$2)*('PROSES ENJEKSİYON'!$F:$F=A12),0)),"")} | S12: {=IFERROR(INDEX('PROSES ENJEKSİYON'!$L:$L,MATCH(1,('PROSES ENJEKSİYON'!$A:$A=$Q$2)*('PROSES ENJEKSİYON'!$F:$F=C12),0)),"")}
A13: 401 | B13: {=IFERROR(INDEX('PROSES ENJEKSİYON'!$L:$L, MATCH(1,('PROSES ENJEKSİYON'!$A:$A=$B$2)*('PROSES ENJEKSİYON'!$F:$F=A13),0)), "")} | C13: {=IFERROR(INDEX('PROSES ENJEKSİYON'!$L:$L,MATCH(1,('PROSES ENJEKSİYON'!$A:$A=$C$2)*('PROSES ENJEKSİYON'!$F:$F=A13),0)),"")} | D13: {=IFERROR(INDEX('PROSES ENJEKSİYON'!$L:$L,MATCH(1,('PROSES ENJEKSİYON'!$A:$A=$D$2)*('PROSES ENJEKSİYON'!$F:$F=A13),0)),"")} | E13: {=IFERROR(INDEX('PROSES ENJEKSİYON'!$L:$L,MATCH(1,('PROSES ENJEKSİYON'!$A:$A=$E$2)*('PROSES ENJEKSİYON'!$F:$F=A13),0)),"")} | F13: {=IFERROR(INDEX('PROSES ENJEKSİYON'!$L:$L,MATCH(1,('PROSES ENJEKSİYON'!$A:$A=$F$2)*('PROSES ENJEKSİYON'!$F:$F=A13),0)),"")} | G13: {=IFERROR(INDEX('PROSES ENJEKSİYON'!$L:$L,MATCH(1,('PROSES ENJEKSİYON'!$A:$A=$G$2)*('PROSES ENJEKSİYON'!$F:$F=A13),0)),"")} | H13: {=IFERROR(INDEX('PROSES ENJEKSİYON'!$G:$G,MATCH(1,('PROSES ENJEKSİYON'!$A:$A=$H$2)*('PROSES ENJEKSİYON'!$F:$F=A13),0)),"")} | I13: {=IFERROR(INDEX('PROSES ENJEKSİYON'!$L:$L,MATCH(1,('PROSES ENJEKSİYON'!$A:$A=$I$2)*('PROSES ENJEKSİYON'!$F:$F=A13),0)),"")} | J13: {=IFERROR(INDEX('PROSES ENJEKSİYON'!$G:$G,MATCH(1,('PROSES ENJEKSİYON'!$A:$A=$J$2)*('PROSES ENJEKSİYON'!$F:$F=A13),0)),"")} | K13: {=IFERROR(INDEX('PROSES ENJEKSİYON'!$L:$L,MATCH(1,('PROSES ENJEKSİYON'!$A:$A=$K$2)*('PROSES ENJEKSİYON'!$F:$F=A13),0)),"")} | L13: {=IFERROR(INDEX('PROSES ENJEKSİYON'!$G:$G,MATCH(1,('PROSES ENJEKSİYON'!$A:$A=$L$2)*('PROSES ENJEKSİYON'!$F:$F=A13),0)),"")} | M13: {=IFERROR(INDEX('PROSES ENJEKSİYON'!$L:$L,MATCH(1,('PROSES ENJEKSİYON'!$A:$A=$M$2)*('PROSES ENJEKSİYON'!$F:$F=A13),0)),"")} | N13: {=IFERROR(INDEX('PROSES ENJEKSİYON'!$G:$G,MATCH(1,('PROSES ENJEKSİYON'!$A:$A=$N$2)*('PROSES ENJEKSİYON'!$F:$F=A13),0)),"")} | O13: {=IFERROR(INDEX('PROSES ENJEKSİYON'!$L:$L,MATCH(1,('PROSES ENJEKSİYON'!$A:$A=$O$2)*('PROSES ENJEKSİYON'!$F:$F=A13),0)),"")} | P13: {=IFERROR(INDEX('PROSES ENJEKSİYON'!$G:$G,MATCH(1,('PROSES ENJEKSİYON'!$A:$A=$P$2)*('PROSES ENJEKSİYON'!$F:$F=A13),0)),"")} | Q13: {=IFERROR(INDEX('PROSES ENJEKSİYON'!$L:$L,MATCH(1,('PROSES ENJEKSİYON'!$A:$A=$Q$2)*('PROSES ENJEKSİYON'!$F:$F=A13),0)),"")} | R13: {=IFERROR(INDEX('PROSES ENJEKSİYON'!$G:$G,MATCH(1,('PROSES ENJEKSİYON'!$A:$A=$R$2)*('PROSES ENJEKSİYON'!$F:$F=C13),0)),"")} | S13: {=IFERROR(INDEX('PROSES ENJEKSİYON'!$L:$L,MATCH(1,('PROSES ENJEKSİYON'!$A:$A=$S$2)*('PROSES ENJEKSİYON'!$F:$F=C13),0)),"")}
A14: 402 | B14: {=IFERROR(INDEX('PROSES ENJEKSİYON'!$L:$L, MATCH(1,('PROSES ENJEKSİYON'!$A:$A=$B$2)*('PROSES ENJEKSİYON'!$F:$F=A14),0)), "")} | C14: {=IFERROR(INDEX('PROSES ENJEKSİYON'!$L:$L,MATCH(1,('PROSES ENJEKSİYON'!$A:$A=$C$2)*('PROSES ENJEKSİYON'!$F:$F=A14),0)),"")} | D14: {=IFERROR(INDEX('PROSES ENJEKSİYON'!$L:$L,MATCH(1,('PROSES ENJEKSİYON'!$A:$A=$D$2)*('PROSES ENJEKSİYON'!$F:$F=A14),0)),"")} | E14: {=IFERROR(INDEX('PROSES ENJEKSİYON'!$L:$L,MATCH(1,('PROSES ENJEKSİYON'!$A:$A=$E$2)*('PROSES ENJEKSİYON'!$F:$F=A14),0)),"")} | F14: {=IFERROR(INDEX('PROSES ENJEKSİYON'!$L:$L,MATCH(1,('PROSES ENJEKSİYON'!$A:$A=$F$2)*('PROSES ENJEKSİYON'!$F:$F=A14),0)),"")} | G14: {=IFERROR(INDEX('PROSES ENJEKSİYON'!$L:$L,MATCH(1,('PROSES ENJEKSİYON'!$A:$A=$G$2)*('PROSES ENJEKSİYON'!$F:$F=A14),0)),"")} | H14: {=IFERROR(INDEX('PROSES ENJEKSİYON'!$G:$G,MATCH(1,('PROSES ENJEKSİYON'!$A:$A=$H$2)*('PROSES ENJEKSİYON'!$F:$F=A14),0)),"")} | I14: {=IFERROR(INDEX('PROSES ENJEKSİYON'!$L:$L,MATCH(1,('PROSES ENJEKSİYON'!$A:$A=$I$2)*('PROSES ENJEKSİYON'!$F:$F=A14),0)),"")} | J14: {=IFERROR(INDEX('PROSES ENJEKSİYON'!$G:$G,MATCH(1,('PROSES ENJEKSİYON'!$A:$A=$J$2)*('PROSES ENJEKSİYON'!$F:$F=A14),0)),"")} | K14: {=IFERROR(INDEX('PROSES ENJEKSİYON'!$L:$L,MATCH(1,('PROSES ENJEKSİYON'!$A:$A=$K$2)*('PROSES ENJEKSİYON'!$F:$F=A14),0)),"")} | L14: {=IFERROR(INDEX('PROSES ENJEKSİYON'!$G:$G,MATCH(1,('PROSES ENJEKSİYON'!$A:$A=$L$2)*('PROSES ENJEKSİYON'!$F:$F=A14),0)),"")} | M14: {=IFERROR(INDEX('PROSES ENJEKSİYON'!$L:$L,MATCH(1,('PROSES ENJEKSİYON'!$A:$A=$M$2)*('PROSES ENJEKSİYON'!$F:$F=A14),0)),"")} | N14: {=IFERROR(INDEX('PROSES ENJEKSİYON'!$G:$G,MATCH(1,('PROSES ENJEKSİYON'!$A:$A=$N$2)*('PROSES ENJEKSİYON'!$F:$F=A14),0)),"")} | O14: {=IFERROR(INDEX('PROSES ENJEKSİYON'!$L:$L,MATCH(1,('PROSES ENJEKSİYON'!$A:$A=$O$2)*('PROSES ENJEKSİYON'!$F:$F=A14),0)),"")} | P14: {=IFERROR(INDEX('PROSES ENJEKSİYON'!$G:$G,MATCH(1,('PROSES ENJEKSİYON'!$A:$A=$P$2)*('PROSES ENJEKSİYON'!$F:$F=A14),0)),"")} | Q14: {=IFERROR(INDEX('PROSES ENJEKSİYON'!$L:$L,MATCH(1,('PROSES ENJEKSİYON'!$A:$A=$Q$2)*('PROSES ENJEKSİYON'!$F:$F=A14),0)),"")} | R14: {=IFERROR(INDEX('PROSES ENJEKSİYON'!$G:$G,MATCH(1,('PROSES ENJEKSİYON'!$A:$A=$R$2)*('PROSES ENJEKSİYON'!$F:$F=C14),0)),"")} | S14: {=IFERROR(INDEX('PROSES ENJEKSİYON'!$L:$L,MATCH(1,('PROSES ENJEKSİYON'!$A:$A=$S$2)*('PROSES ENJEKSİYON'!$F:$F=C14),0)),"")}
A15: 403 | B15: {=IFERROR(INDEX('PROSES ENJEKSİYON'!$L:$L, MATCH(1,('PROSES ENJEKSİYON'!$A:$A=$B$2)*('PROSES ENJEKSİYON'!$F:$F=A15),0)), "")} | C15: {=IFERROR(INDEX('PROSES ENJEKSİYON'!$L:$L,MATCH(1,('PROSES ENJEKSİYON'!$A:$A=$C$2)*('PROSES ENJEKSİYON'!$F:$F=A15),0)),"")} | D15: {=IFERROR(INDEX('PROSES ENJEKSİYON'!$L:$L,MATCH(1,('PROSES ENJEKSİYON'!$A:$A=$D$2)*('PROSES ENJEKSİYON'!$F:$F=A15),0)),"")} | E15: {=IFERROR(INDEX('PROSES ENJEKSİYON'!$L:$L,MATCH(1,('PROSES ENJEKSİYON'!$A:$A=$E$2)*('PROSES ENJEKSİYON'!$F:$F=A15),0)),"")} | F15: {=IFERROR(INDEX('PROSES ENJEKSİYON'!$L:$L,MATCH(1,('PROSES ENJEKSİYON'!$A:$A=$F$2)*('PROSES ENJEKSİYON'!$F:$F=A15),0)),"")} | G15: {=IFERROR(INDEX('PROSES ENJEKSİYON'!$L:$L,MATCH(1,('PROSES ENJEKSİYON'!$A:$A=$G$2)*('PROSES ENJEKSİYON'!$F:$F=A15),0)),"")} | H15: {=IFERROR(INDEX('PROSES ENJEKSİYON'!$G:$G,MATCH(1,('PROSES ENJEKSİYON'!$A:$A=$H$2)*('PROSES ENJEKSİYON'!$F:$F=A15),0)),"")} | I15: {=IFERROR(INDEX('PROSES ENJEKSİYON'!$L:$L,MATCH(1,('PROSES ENJEKSİYON'!$A:$A=$I$2)*('PROSES ENJEKSİYON'!$F:$F=A15),0)),"")} | J15: {=IFERROR(INDEX('PROSES ENJEKSİYON'!$G:$G,MATCH(1,('PROSES ENJEKSİYON'!$A:$A=$J$2)*('PROSES ENJEKSİYON'!$F:$F=A15),0)),"")} | K15: {=IFERROR(INDEX('PROSES ENJEKSİYON'!$L:$L,MATCH(1,('PROSES ENJEKSİYON'!$A:$A=$K$2)*('PROSES ENJEKSİYON'!$F:$F=A15),0)),"")} | L15: {=IFERROR(INDEX('PROSES ENJEKSİYON'!$G:$G,MATCH(1,('PROSES ENJEKSİYON'!$A:$A=$L$2)*('PROSES ENJEKSİYON'!$F:$F=A15),0)),"")} | M15: {=IFERROR(INDEX('PROSES ENJEKSİYON'!$L:$L,MATCH(1,('PROSES ENJEKSİYON'!$A:$A=$M$2)*('PROSES ENJEKSİYON'!$F:$F=A15),0)),"")} | N15: {=IFERROR(INDEX('PROSES ENJEKSİYON'!$G:$G,MATCH(1,('PROSES ENJEKSİYON'!$A:$A=$N$2)*('PROSES ENJEKSİYON'!$F:$F=A15),0)),"")} | O15: {=IFERROR(INDEX('PROSES ENJEKSİYON'!$L:$L,MATCH(1,('PROSES ENJEKSİYON'!$A:$A=$O$2)*('PROSES ENJEKSİYON'!$F:$F=A15),0)),"")} | P15: {=IFERROR(INDEX('PROSES ENJEKSİYON'!$G:$G,MATCH(1,('PROSES ENJEKSİYON'!$A:$A=$P$2)*('PROSES ENJEKSİYON'!$F:$F=A15),0)),"")} | Q15: {=IFERROR(INDEX('PROSES ENJEKSİYON'!$L:$L,MATCH(1,('PROSES ENJEKSİYON'!$A:$A=$Q$2)*('PROSES ENJEKSİYON'!$F:$F=A15),0)),"")} | R15: {=IFERROR(INDEX('PROSES ENJEKSİYON'!$G:$G,MATCH(1,('PROSES ENJEKSİYON'!$A:$A=$R$2)*('PROSES ENJEKSİYON'!$F:$F=C15),0)),"")} | S15: {=IFERROR(INDEX('PROSES ENJEKSİYON'!$L:$L,MATCH(1,('PROSES ENJEKSİYON'!$A:$A=$S$2)*('PROSES ENJEKSİYON'!$F:$F=C15),0)),"")}
A16: 404 | B16: {=IFERROR(INDEX('PROSES ENJEKSİYON'!$L:$L, MATCH(1,('PROSES ENJEKSİYON'!$A:$A=$B$2)*('PROSES ENJEKSİYON'!$F:$F=A16),0)), "")} | C16: {=IFERROR(INDEX('PROSES ENJEKSİYON'!$L:$L,MATCH(1,('PROSES ENJEKSİYON'!$A:$A=$C$2)*('PROSES ENJEKSİYON'!$F:$F=A16),0)),"")} | D16: {=IFERROR(INDEX('PROSES ENJEKSİYON'!$L:$L,MATCH(1,('PROSES ENJEKSİYON'!$A:$A=$D$2)*('PROSES ENJEKSİYON'!$F:$F=A16),0)),"")} | E16: {=IFERROR(INDEX('PROSES ENJEKSİYON'!$L:$L,MATCH(1,('PROSES ENJEKSİYON'!$A:$A=$E$2)*('PROSES ENJEKSİYON'!$F:$F=A16),0)),"")} | F16: {=IFERROR(INDEX('PROSES ENJEKSİYON'!$L:$L,MATCH(1,('PROSES ENJEKSİYON'!$A:$A=$F$2)*('PROSES ENJEKSİYON'!$F:$F=A16),0)),"")} | G16: {=IFERROR(INDEX('PROSES ENJEKSİYON'!$L:$L,MATCH(1,('PROSES ENJEKSİYON'!$A:$A=$G$2)*('PROSES ENJEKSİYON'!$F:$F=A16),0)),"")} | H16: {=IFERROR(INDEX('PROSES ENJEKSİYON'!$G:$G,MATCH(1,('PROSES ENJEKSİYON'!$A:$A=$H$2)*('PROSES ENJEKSİYON'!$F:$F=A16),0)),"")} | I16: {=IFERROR(INDEX('PROSES ENJEKSİYON'!$L:$L,MATCH(1,('PROSES ENJEKSİYON'!$A:$A=$I$2)*('PROSES ENJEKSİYON'!$F:$F=A16),0)),"")} | J16: {=IFERROR(INDEX('PROSES ENJEKSİYON'!$G:$G,MATCH(1,('PROSES ENJEKSİYON'!$A:$A=$J$2)*('PROSES ENJEKSİYON'!$F:$F=A16),0)),"")} | K16: {=IFERROR(INDEX('PROSES ENJEKSİYON'!$L:$L,MATCH(1,('PROSES ENJEKSİYON'!$A:$A=$K$2)*('PROSES ENJEKSİYON'!$F:$F=A16),0)),"")} | L16: {=IFERROR(INDEX('PROSES ENJEKSİYON'!$G:$G,MATCH(1,('PROSES ENJEKSİYON'!$A:$A=$L$2)*('PROSES ENJEKSİYON'!$F:$F=A16),0)),"")} | M16: {=IFERROR(INDEX('PROSES ENJEKSİYON'!$L:$L,MATCH(1,('PROSES ENJEKSİYON'!$A:$A=$M$2)*('PROSES ENJEKSİYON'!$F:$F=A16),0)),"")} | N16: {=IFERROR(INDEX('PROSES ENJEKSİYON'!$G:$G,MATCH(1,('PROSES ENJEKSİYON'!$A:$A=$N$2)*('PROSES ENJEKSİYON'!$F:$F=A16),0)),"")} | O16: {=IFERROR(INDEX('PROSES ENJEKSİYON'!$L:$L,MATCH(1,('PROSES ENJEKSİYON'!$A:$A=$O$2)*('PROSES ENJEKSİYON'!$F:$F=A16),0)),"")} | P16: {=IFERROR(INDEX('PROSES ENJEKSİYON'!$G:$G,MATCH(1,('PROSES ENJEKSİYON'!$A:$A=$P$2)*('PROSES ENJEKSİYON'!$F:$F=A16),0)),"")} | Q16: {=IFERROR(INDEX('PROSES ENJEKSİYON'!$L:$L,MATCH(1,('PROSES ENJEKSİYON'!$A:$A=$Q$2)*('PROSES ENJEKSİYON'!$F:$F=A16),0)),"")} | R16: {=IFERROR(INDEX('PROSES ENJEKSİYON'!$G:$G,MATCH(1,('PROSES ENJEKSİYON'!$A:$A=$R$2)*('PROSES ENJEKSİYON'!$F:$F=C16),0)),"")} | S16: {=IFERROR(INDEX('PROSES ENJEKSİYON'!$L:$L,MATCH(1,('PROSES ENJEKSİYON'!$A:$A=$S$2)*('PROSES ENJEKSİYON'!$F:$F=C16),0)),"")}
A17: 405 | B17: {=IFERROR(INDEX('PROSES ENJEKSİYON'!$L:$L, MATCH(1,('PROSES ENJEKSİYON'!$A:$A=$B$2)*('PROSES ENJEKSİYON'!$F:$F=A17),0)), "")} | C17: {=IFERROR(INDEX('PROSES ENJEKSİYON'!$L:$L,MATCH(1,('PROSES ENJEKSİYON'!$A:$A=$C$2)*('PROSES ENJEKSİYON'!$F:$F=A17),0)),"")} | D17: {=IFERROR(INDEX('PROSES ENJEKSİYON'!$L:$L,MATCH(1,('PROSES ENJEKSİYON'!$A:$A=$D$2)*('PROSES ENJEKSİYON'!$F:$F=A17),0)),"")} | E17: {=IFERROR(INDEX('PROSES ENJEKSİYON'!$L:$L,MATCH(1,('PROSES ENJEKSİYON'!$A:$A=$E$2)*('PROSES ENJEKSİYON'!$F:$F=A17),0)),"")} | F17: {=IFERROR(INDEX('PROSES ENJEKSİYON'!$L:$L,MATCH(1,('PROSES ENJEKSİYON'!$A:$A=$F$2)*('PROSES ENJEKSİYON'!$F:$F=A17),0)),"")} | G17: {=IFERROR(INDEX('PROSES ENJEKSİYON'!$L:$L,MATCH(1,('PROSES ENJEKSİYON'!$A:$A=$G$2)*('PROSES ENJEKSİYON'!$F:$F=A17),0)),"")} | H17: {=IFERROR(INDEX('PROSES ENJEKSİYON'!$G:$G,MATCH(1,('PROSES ENJEKSİYON'!$A:$A=$H$2)*('PROSES ENJEKSİYON'!$F:$F=A17),0)),"")} | I17: {=IFERROR(INDEX('PROSES ENJEKSİYON'!$L:$L,MATCH(1,('PROSES ENJEKSİYON'!$A:$A=$I$2)*('PROSES ENJEKSİYON'!$F:$F=A17),0)),"")} | J17: {=IFERROR(INDEX('PROSES ENJEKSİYON'!$G:$G,MATCH(1,('PROSES ENJEKSİYON'!$A:$A=$J$2)*('PROSES ENJEKSİYON'!$F:$F=A17),0)),"")} | K17: {=IFERROR(INDEX('PROSES ENJEKSİYON'!$L:$L,MATCH(1,('PROSES ENJEKSİYON'!$A:$A=$K$2)*('PROSES ENJEKSİYON'!$F:$F=A17),0)),"")} | L17: {=IFERROR(INDEX('PROSES ENJEKSİYON'!$G:$G,MATCH(1,('PROSES ENJEKSİYON'!$A:$A=$L$2)*('PROSES ENJEKSİYON'!$F:$F=A17),0)),"")} | M17: {=IFERROR(INDEX('PROSES ENJEKSİYON'!$L:$L,MATCH(1,('PROSES ENJEKSİYON'!$A:$A=$M$2)*('PROSES ENJEKSİYON'!$F:$F=A17),0)),"")} | N17: {=IFERROR(INDEX('PROSES ENJEKSİYON'!$G:$G,MATCH(1,('PROSES ENJEKSİYON'!$A:$A=$N$2)*('PROSES ENJEKSİYON'!$F:$F=A17),0)),"")} | O17: {=IFERROR(INDEX('PROSES ENJEKSİYON'!$L:$L,MATCH(1,('PROSES ENJEKSİYON'!$A:$A=$O$2)*('PROSES ENJEKSİYON'!$F:$F=A17),0)),"")} | P17: {=IFERROR(INDEX('PROSES ENJEKSİYON'!$G:$G,MATCH(1,('PROSES ENJEKSİYON'!$A:$A=$P$2)*('PROSES ENJEKSİYON'!$F:$F=A17),0)),"")} | Q17: {=IFERROR(INDEX('PROSES ENJEKSİYON'!$L:$L,MATCH(1,('PROSES ENJEKSİYON'!$A:$A=$Q$2)*('PROSES ENJEKSİYON'!$F:$F=A17),0)),"")} | R17: {=IFERROR(INDEX('PROSES ENJEKSİYON'!$G:$G,MATCH(1,('PROSES ENJEKSİYON'!$A:$A=$R$2)*('PROSES ENJEKSİYON'!$F:$F=C17),0)),"")} | S17: {=IFERROR(INDEX('PROSES ENJEKSİYON'!$L:$L,MATCH(1,('PROSES ENJEKSİYON'!$A:$A=$S$2)*('PROSES ENJEKSİYON'!$F:$F=C17),0)),"")}
A18: 171 | B18: {=IFERROR(INDEX('PROSES ENJEKSİYON'!$L:$L, MATCH(1,('PROSES ENJEKSİYON'!$A:$A=$B$2)*('PROSES ENJEKSİYON'!$F:$F=A18),0)), "")} | C18: {=IFERROR(INDEX('PROSES ENJEKSİYON'!$L:$L,MATCH(1,('PROSES ENJEKSİYON'!$A:$A=$C$2)*('PROSES ENJEKSİYON'!$F:$F=A18),0)),"")} | D18: {=IFERROR(INDEX('PROSES ENJEKSİYON'!$L:$L,MATCH(1,('PROSES ENJEKSİYON'!$A:$A=$D$2)*('PROSES ENJEKSİYON'!$F:$F=A18),0)),"")} | E18: {=IFERROR(INDEX('PROSES ENJEKSİYON'!$L:$L,MATCH(1,('PROSES ENJEKSİYON'!$A:$A=$E$2)*('PROSES ENJEKSİYON'!$F:$F=A18),0)),"")} | F18: {=IFERROR(INDEX('PROSES ENJEKSİYON'!$L:$L,MATCH(1,('PROSES ENJEKSİYON'!$A:$A=$F$2)*('PROSES ENJEKSİYON'!$F:$F=A18),0)),"")} | G18: {=IFERROR(INDEX('PROSES ENJEKSİYON'!$L:$L,MATCH(1,('PROSES ENJEKSİYON'!$A:$A=$G$2)*('PROSES ENJEKSİYON'!$F:$F=A18),0)),"")} | H18: {=IFERROR(INDEX('PROSES ENJEKSİYON'!$G:$G,MATCH(1,('PROSES ENJEKSİYON'!$A:$A=$H$2)*('PROSES ENJEKSİYON'!$F:$F=A18),0)),"")} | I18: {=IFERROR(INDEX('PROSES ENJEKSİYON'!$L:$L,MATCH(1,('PROSES ENJEKSİYON'!$A:$A=$I$2)*('PROSES ENJEKSİYON'!$F:$F=A18),0)),"")} | J18: {=IFERROR(INDEX('PROSES ENJEKSİYON'!$G:$G,MATCH(1,('PROSES ENJEKSİYON'!$A:$A=$J$2)*('PROSES ENJEKSİYON'!$F:$F=A18),0)),"")} | K18: {=IFERROR(INDEX('PROSES ENJEKSİYON'!$L:$L,MATCH(1,('PROSES ENJEKSİYON'!$A:$A=$K$2)*('PROSES ENJEKSİYON'!$F:$F=A18),0)),"")} | L18: {=IFERROR(INDEX('PROSES ENJEKSİYON'!$G:$G,MATCH(1,('PROSES ENJEKSİYON'!$A:$A=$L$2)*('PROSES ENJEKSİYON'!$F:$F=A18),0)),"")} | M18: {=IFERROR(INDEX('PROSES ENJEKSİYON'!$L:$L,MATCH(1,('PROSES ENJEKSİYON'!$A:$A=$M$2)*('PROSES ENJEKSİYON'!$F:$F=A18),0)),"")} | N18: {=IFERROR(INDEX('PROSES ENJEKSİYON'!$G:$G,MATCH(1,('PROSES ENJEKSİYON'!$A:$A=$N$2)*('PROSES ENJEKSİYON'!$F:$F=A18),0)),"")} | O18: {=IFERROR(INDEX('PROSES ENJEKSİYON'!$L:$L,MATCH(1,('PROSES ENJEKSİYON'!$A:$A=$O$2)*('PROSES ENJEKSİYON'!$F:$F=A18),0)),"")} | P18: {=IFERROR(INDEX('PROSES ENJEKSİYON'!$G:$G,MATCH(1,('PROSES ENJEKSİYON'!$A:$A=$P$2)*('PROSES ENJEKSİYON'!$F:$F=A18),0)),"")} | Q18: {=IFERROR(INDEX('PROSES ENJEKSİYON'!$L:$L,MATCH(1,('PROSES ENJEKSİYON'!$A:$A=$Q$2)*('PROSES ENJEKSİYON'!$F:$F=A18),0)),"")} | R18: {=IFERROR(INDEX('PROSES ENJEKSİYON'!$G:$G,MATCH(1,('PROSES ENJEKSİYON'!$A:$A=$R$2)*('PROSES ENJEKSİYON'!$F:$F=C18),0)),"")} | S18: {=IFERROR(INDEX('PROSES ENJEKSİYON'!$L:$L,MATCH(1,('PROSES ENJEKSİYON'!$A:$A=$S$2)*('PROSES ENJEKSİYON'!$F:$F=C18),0)),"")}
A19: 172 | B19: {=IFERROR(INDEX('PROSES ENJEKSİYON'!$L:$L, MATCH(1,('PROSES ENJEKSİYON'!$A:$A=$B$2)*('PROSES ENJEKSİYON'!$F:$F=A19),0)), "")} | C19: {=IFERROR(INDEX('PROSES ENJEKSİYON'!$L:$L,MATCH(1,('PROSES ENJEKSİYON'!$A:$A=$C$2)*('PROSES ENJEKSİYON'!$F:$F=A19),0)),"")} | D19: {=IFERROR(INDEX('PROSES ENJEKSİYON'!$L:$L,MATCH(1,('PROSES ENJEKSİYON'!$A:$A=$D$2)*('PROSES ENJEKSİYON'!$F:$F=A19),0)),"")} | E19: {=IFERROR(INDEX('PROSES ENJEKSİYON'!$L:$L,MATCH(1,('PROSES ENJEKSİYON'!$A:$A=$E$2)*('PROSES ENJEKSİYON'!$F:$F=A19),0)),"")} | F19: {=IFERROR(INDEX('PROSES ENJEKSİYON'!$L:$L,MATCH(1,('PROSES ENJEKSİYON'!$A:$A=$F$2)*('PROSES ENJEKSİYON'!$F:$F=A19),0)),"")} | G19: {=IFERROR(INDEX('PROSES ENJEKSİYON'!$L:$L,MATCH(1,('PROSES ENJEKSİYON'!$A:$A=$G$2)*('PROSES ENJEKSİYON'!$F:$F=A19),0)),"")} | H19: {=IFERROR(INDEX('PROSES ENJEKSİYON'!$G:$G,MATCH(1,('PROSES ENJEKSİYON'!$A:$A=$H$2)*('PROSES ENJEKSİYON'!$F:$F=A19),0)),"")} | I19: {=IFERROR(INDEX('PROSES ENJEKSİYON'!$L:$L,MATCH(1,('PROSES ENJEKSİYON'!$A:$A=$I$2)*('PROSES ENJEKSİYON'!$F:$F=A19),0)),"")} | J19: {=IFERROR(INDEX('PROSES ENJEKSİYON'!$G:$G,MATCH(1,('PROSES ENJEKSİYON'!$A:$A=$J$2)*('PROSES ENJEKSİYON'!$F:$F=A19),0)),"")} | K19: {=IFERROR(INDEX('PROSES ENJEKSİYON'!$L:$L,MATCH(1,('PROSES ENJEKSİYON'!$A:$A=$K$2)*('PROSES ENJEKSİYON'!$F:$F=A19),0)),"")} | L19: {=IFERROR(INDEX('PROSES ENJEKSİYON'!$G:$G,MATCH(1,('PROSES ENJEKSİYON'!$A:$A=$L$2)*('PROSES ENJEKSİYON'!$F:$F=A19),0)),"")} | M19: {=IFERROR(INDEX('PROSES ENJEKSİYON'!$L:$L,MATCH(1,('PROSES ENJEKSİYON'!$A:$A=$M$2)*('PROSES ENJEKSİYON'!$F:$F=A19),0)),"")} | N19: {=IFERROR(INDEX('PROSES ENJEKSİYON'!$G:$G,MATCH(1,('PROSES ENJEKSİYON'!$A:$A=$N$2)*('PROSES ENJEKSİYON'!$F:$F=A19),0)),"")} | O19: {=IFERROR(INDEX('PROSES ENJEKSİYON'!$L:$L,MATCH(1,('PROSES ENJEKSİYON'!$A:$A=$O$2)*('PROSES ENJEKSİYON'!$F:$F=A19),0)),"")} | P19: {=IFERROR(INDEX('PROSES ENJEKSİYON'!$G:$G,MATCH(1,('PROSES ENJEKSİYON'!$A:$A=$P$2)*('PROSES ENJEKSİYON'!$F:$F=A19),0)),"")} | Q19: {=IFERROR(INDEX('PROSES ENJEKSİYON'!$L:$L,MATCH(1,('PROSES ENJEKSİYON'!$A:$A=$Q$2)*('PROSES ENJEKSİYON'!$F:$F=A19),0)),"")} | R19: {=IFERROR(INDEX('PROSES ENJEKSİYON'!$G:$G,MATCH(1,('PROSES ENJEKSİYON'!$A:$A=$R$2)*('PROSES ENJEKSİYON'!$F:$F=C19),0)),"")} | S19: {=IFERROR(INDEX('PROSES ENJEKSİYON'!$L:$L,MATCH(1,('PROSES ENJEKSİYON'!$A:$A=$S$2)*('PROSES ENJEKSİYON'!$F:$F=C19),0)),"")}
A20: 173 | B20: {=IFERROR(INDEX('PROSES ENJEKSİYON'!$L:$L, MATCH(1,('PROSES ENJEKSİYON'!$A:$A=$B$2)*('PROSES ENJEKSİYON'!$F:$F=A20),0)), "")} | C20: {=IFERROR(INDEX('PROSES ENJEKSİYON'!$L:$L,MATCH(1,('PROSES ENJEKSİYON'!$A:$A=$C$2)*('PROSES ENJEKSİYON'!$F:$F=A20),0)),"")} | D20: {=IFERROR(INDEX('PROSES ENJEKSİYON'!$L:$L,MATCH(1,('PROSES ENJEKSİYON'!$A:$A=$D$2)*('PROSES ENJEKSİYON'!$F:$F=A20),0)),"")} | E20: {=IFERROR(INDEX('PROSES ENJEKSİYON'!$L:$L,MATCH(1,('PROSES ENJEKSİYON'!$A:$A=$E$2)*('PROSES ENJEKSİYON'!$F:$F=A20),0)),"")} | F20: {=IFERROR(INDEX('PROSES ENJEKSİYON'!$L:$L,MATCH(1,('PROSES ENJEKSİYON'!$A:$A=$F$2)*('PROSES ENJEKSİYON'!$F:$F=A20),0)),"")} | G20: {=IFERROR(INDEX('PROSES ENJEKSİYON'!$L:$L,MATCH(1,('PROSES ENJEKSİYON'!$A:$A=$G$2)*('PROSES ENJEKSİYON'!$F:$F=A20),0)),"")} | H20: {=IFERROR(INDEX('PROSES ENJEKSİYON'!$G:$G,MATCH(1,('PROSES ENJEKSİYON'!$A:$A=$H$2)*('PROSES ENJEKSİYON'!$F:$F=A20),0)),"")} | I20: {=IFERROR(INDEX('PROSES ENJEKSİYON'!$L:$L,MATCH(1,('PROSES ENJEKSİYON'!$A:$A=$I$2)*('PROSES ENJEKSİYON'!$F:$F=A20),0)),"")} | J20: {=IFERROR(INDEX('PROSES ENJEKSİYON'!$G:$G,MATCH(1,('PROSES ENJEKSİYON'!$A:$A=$J$2)*('PROSES ENJEKSİYON'!$F:$F=A20),0)),"")} | K20: {=IFERROR(INDEX('PROSES ENJEKSİYON'!$L:$L,MATCH(1,('PROSES ENJEKSİYON'!$A:$A=$K$2)*('PROSES ENJEKSİYON'!$F:$F=A20),0)),"")} | L20: {=IFERROR(INDEX('PROSES ENJEKSİYON'!$G:$G,MATCH(1,('PROSES ENJEKSİYON'!$A:$A=$L$2)*('PROSES ENJEKSİYON'!$F:$F=A20),0)),"")} | M20: {=IFERROR(INDEX('PROSES ENJEKSİYON'!$L:$L,MATCH(1,('PROSES ENJEKSİYON'!$A:$A=$M$2)*('PROSES ENJEKSİYON'!$F:$F=A20),0)),"")} | N20: {=IFERROR(INDEX('PROSES ENJEKSİYON'!$G:$G,MATCH(1,('PROSES ENJEKSİYON'!$A:$A=$N$2)*('PROSES ENJEKSİYON'!$F:$F=A20),0)),"")} | O20: {=IFERROR(INDEX('PROSES ENJEKSİYON'!$L:$L,MATCH(1,('PROSES ENJEKSİYON'!$A:$A=$O$2)*('PROSES ENJEKSİYON'!$F:$F=A20),0)),"")} | P20: {=IFERROR(INDEX('PROSES ENJEKSİYON'!$G:$G,MATCH(1,('PROSES ENJEKSİYON'!$A:$A=$P$2)*('PROSES ENJEKSİYON'!$F:$F=A20),0)),"")} | Q20: {=IFERROR(INDEX('PROSES ENJEKSİYON'!$L:$L,MATCH(1,('PROSES ENJEKSİYON'!$A:$A=$Q$2)*('PROSES ENJEKSİYON'!$F:$F=A20),0)),"")} | R20: {=IFERROR(INDEX('PROSES ENJEKSİYON'!$G:$G,MATCH(1,('PROSES ENJEKSİYON'!$A:$A=$R$2)*('PROSES ENJEKSİYON'!$F:$F=C20),0)),"")} | S20: {=IFERROR(INDEX('PROSES ENJEKSİYON'!$L:$L,MATCH(1,('PROSES ENJEKSİYON'!$A:$A=$S$2)*('PROSES ENJEKSİYON'!$F:$F=C20),0)),"")}
